"Country","Response_measure","date_start","date_end"
"Austria","AdaptationOfWorkplace",2020-03-16,2020-04-13
"Austria","AdaptationOfWorkplace",2021-04-01,NA
"Austria","BanOnAllEvents",2020-11-03,NA
"Austria","ClosDaycare",2020-03-16,2020-05-04
"Austria","ClosDaycarePartial",2020-11-17,2020-12-07
"Austria","ClosHigh",2020-03-16,2020-09-30
"Austria","ClosHighPartial",2020-11-03,NA
"Austria","ClosPrim",2020-03-16,2020-05-18
"Austria","ClosPrim",2020-12-26,2021-02-07
"Austria","ClosPrimPartial",2020-11-17,2020-12-07
"Austria","ClosPubAny",2020-03-16,2020-04-13
"Austria","ClosPubAny",2020-05-02,2020-05-14
"Austria","ClosPubAny",2020-11-16,2020-12-06
"Austria","ClosPubAny",2020-12-28,2021-02-06
"Austria","ClosPubAnyPartial",2020-04-14,2020-05-01
"Austria","ClosPubAnyPartial",2020-05-15,2020-11-15
"Austria","ClosPubAnyPartial",2020-12-07,2020-12-27
"Austria","ClosPubAnyPartial",2021-02-07,NA
"Austria","ClosSec",2020-03-16,2020-05-03
"Austria","ClosSec",2020-11-03,2021-02-07
"Austria","ClosSecPartial",2020-05-04,2020-06-03
"Austria","ClosSecPartial",2021-02-08,NA
"Austria","EntertainmentVenues",2020-03-16,2020-04-30
"Austria","EntertainmentVenues",2020-11-03,2021-02-07
"Austria","EntertainmentVenuesPartial",2021-02-08,NA
"Austria","GymsSportsCentres",2020-11-03,NA
"Austria","HotelsOtherAccommodation",2020-03-31,2020-05-29
"Austria","HotelsOtherAccommodation",2020-11-03,NA
"Austria","IndoorOver100",2020-03-10,2020-07-01
"Austria","IndoorOver1000",2020-07-02,2020-07-31
"Austria","IndoorOver1000",2020-09-21,2020-11-02
"Austria","MasksMandatoryAllSpaces",2020-09-14,NA
"Austria","MasksMandatoryClosedSpaces",2020-04-06,2020-06-14
"Austria","MasksMandatoryClosedSpacesPartial",2020-06-15,2020-09-13
"Austria","MasksVoluntaryClosedSpacesPartial",2020-03-31,2020-04-05
"Austria","MassGather50",2020-04-30,2020-05-29
"Austria","MassGather50",2020-11-03,NA
"Austria","MassGatherAll",2020-03-10,2020-07-31
"Austria","MassGatherAll",2020-09-21,NA
"Austria","NonEssentialShops",2020-03-16,2020-04-13
"Austria","NonEssentialShops",2020-11-17,2020-12-06
"Austria","NonEssentialShops",2020-12-26,2021-02-07
"Austria","NonEssentialShopsPartial",2020-04-14,2020-05-01
"Austria","NonEssentialShopsPartial",2021-02-08,NA
"Austria","OutdoorOver1000",2020-07-02,2020-07-31
"Austria","OutdoorOver1000",2020-09-21,2020-11-02
"Austria","OutdoorOver50",2020-04-30,2020-05-29
"Austria","OutdoorOver500",2020-03-10,2020-04-29
"Austria","OutdoorOver500",2020-05-30,2020-07-01
"Austria","PlaceOfWorship",2020-03-16,2020-05-14
"Austria","PlaceOfWorship",2020-11-16,2020-12-06
"Austria","PlaceOfWorship",2020-12-28,2021-02-06
"Austria","PlaceOfWorshipPartial",2020-05-15,2020-11-15
"Austria","PlaceOfWorshipPartial",2020-12-07,2020-12-27
"Austria","PlaceOfWorshipPartial",2021-02-07,NA
"Austria","PrivateGatheringRestrictions",2020-03-16,2020-04-30
"Austria","PrivateGatheringRestrictions",2020-10-23,2020-11-16
"Austria","RegionalStayHomeOrder",2021-04-01,2021-05-02
"Austria","RestaurantsCafes",2020-03-16,2020-05-15
"Austria","RestaurantsCafes",2020-11-03,NA
"Austria","SocialCircle",2020-11-17,NA
"Austria","StayHomeGen",2020-03-10,2020-03-15
"Austria","StayHomeOrder",2020-03-16,2020-04-30
"Austria","StayHomeOrder",2020-11-17,2021-02-07
"Austria","StayHomeOrderPartial",2020-11-03,2020-11-16
"Austria","StayHomeOrderPartial",2021-02-08,NA
"Austria","Teleworking",2020-03-10,NA
"Belgium","BanOnAllEvents",2020-11-02,2021-03-07
"Belgium","BanOnAllEventsPartial",2021-05-01,NA
"Belgium","ClosDaycare",2020-05-01,2020-06-02
"Belgium","ClosDaycare",2020-11-12,2020-11-15
"Belgium","ClosHigh",2020-03-13,2020-09-20
"Belgium","ClosHighPartial",2020-09-21,NA
"Belgium","ClosPrim",2020-03-13,2020-05-17
"Belgium","ClosPrim",2020-11-12,2020-11-16
"Belgium","ClosPrim",2021-03-29,2021-04-18
"Belgium","ClosPrimPartial",2020-05-18,2020-06-08
"Belgium","ClosPubAny",2020-03-13,2020-05-03
"Belgium","ClosPubAnyPartial",2020-05-04,NA
"Belgium","ClosSec",2020-03-13,2020-05-17
"Belgium","ClosSec",2020-11-12,2020-11-15
"Belgium","ClosSec",2021-03-29,2021-04-18
"Belgium","ClosSecPartial",2020-05-18,2020-08-28
"Belgium","EntertainmentVenues",2020-03-13,2020-05-17
"Belgium","EntertainmentVenues",2020-11-02,2021-04-12
"Belgium","EntertainmentVenuesPartial",2020-05-18,2020-11-01
"Belgium","EntertainmentVenuesPartial",2021-04-13,NA
"Belgium","GymsSportsCentres",2020-03-13,2020-05-03
"Belgium","GymsSportsCentresPartial",2020-05-04,2020-07-01
"Belgium","GymsSportsCentresPartial",2020-11-02,NA
"Belgium","IndoorOver1000",2020-03-10,2020-03-17
"Belgium","IndoorOver500",2020-07-01,2020-11-01
"Belgium","MasksMandatoryAllSpaces",2020-07-11,2020-09-30
"Belgium","MasksMandatoryAllSpacesPartial",2020-10-01,NA
"Belgium","MasksMandatoryClosedSpaces",2020-05-04,NA
"Belgium","MasksVoluntaryAllSpaces",2020-05-04,2020-07-10
"Belgium","MassGather50",2020-11-02,2021-03-07
"Belgium","MassGather50Partial",2021-05-01,NA
"Belgium","MassGatherAll",2020-03-10,2020-03-17
"Belgium","MassGatherAll",2020-07-01,2020-10-18
"Belgium","MassGatherAll",2020-11-02,2021-03-07
"Belgium","MassGatherAllPartial",2020-10-19,2020-11-01
"Belgium","MassGatherAllPartial",2021-05-01,NA
"Belgium","NonEssentialShops",2020-03-13,2020-05-03
"Belgium","NonEssentialShops",2020-11-02,2020-11-30
"Belgium","NonEssentialShopsPartial",2020-05-04,2020-06-02
"Belgium","NonEssentialShopsPartial",2020-10-19,2020-11-01
"Belgium","NonEssentialShopsPartial",2020-12-01,NA
"Belgium","OutdoorOver500",2020-07-01,2020-11-01
"Belgium","PlaceOfWorship",2020-03-13,2020-06-07
"Belgium","PlaceOfWorshipPartial",2020-06-08,2020-10-05
"Belgium","PlaceOfWorshipPartial",2021-02-21,NA
"Belgium","PrivateGatheringRestrictions",2020-03-18,2020-06-30
"Belgium","PrivateGatheringRestrictions",2020-10-06,2021-03-07
"Belgium","PrivateGatheringRestrictions",2021-03-20,2021-04-25
"Belgium","PrivateGatheringRestrictionsPartial",2021-03-08,2021-03-19
"Belgium","PrivateGatheringRestrictionsPartial",2021-04-26,NA
"Belgium","RestaurantsCafes",2020-03-13,2020-06-07
"Belgium","RestaurantsCafes",2020-10-19,2021-04-25
"Belgium","RestaurantsCafesPartial",2020-06-08,2020-10-18
"Belgium","RestaurantsCafesPartial",2021-04-26,NA
"Belgium","SocialCircle",2020-03-18,NA
"Belgium","StayHomeGenPartial",2020-05-10,2020-08-31
"Belgium","StayHomeOrder",2020-03-18,2020-05-09
"Belgium","StayHomeOrderPartial",2020-10-16,NA
"Belgium","Teleworking",2020-03-10,2020-06-07
"Belgium","Teleworking",2020-10-19,NA
"Belgium","TeleworkingPartial",2020-06-08,2020-10-18
"Bulgaria","AdaptationOfWorkplace",2020-10-01,2021-04-30
"Bulgaria","BanOnAllEvents",2020-03-08,2020-05-14
"Bulgaria","BanOnAllEventsPartial",2020-05-15,2020-06-30
"Bulgaria","ClosDaycare",2020-03-13,2020-05-21
"Bulgaria","ClosDaycare",2020-11-27,2021-01-03
"Bulgaria","ClosDaycare",2021-03-22,2021-03-31
"Bulgaria","ClosDaycarePartial",2020-05-22,2020-06-14
"Bulgaria","ClosHigh",2020-03-13,2020-05-31
"Bulgaria","ClosHighPartial",2020-06-01,NA
"Bulgaria","ClosPrim",2020-03-13,2020-09-14
"Bulgaria","ClosPrim",2020-11-27,2021-01-03
"Bulgaria","ClosPrim",2021-03-22,2021-03-31
"Bulgaria","ClosPubAny",2020-03-13,2020-05-17
"Bulgaria","ClosPubAnyPartial",2020-05-18,2020-06-14
"Bulgaria","ClosPubAnyPartial",2020-10-29,NA
"Bulgaria","ClosSec",2020-03-13,2020-09-14
"Bulgaria","ClosSec",2020-12-01,2021-02-03
"Bulgaria","ClosSec",2021-03-22,NA
"Bulgaria","ClosSecPartial",2020-10-29,2020-11-30
"Bulgaria","ClosSecPartial",2021-02-04,2021-03-17
"Bulgaria","EntertainmentVenues",2020-03-13,2020-05-17
"Bulgaria","EntertainmentVenuesPartial",2020-11-14,NA
"Bulgaria","GymsSportsCentres",2020-03-13,2020-05-17
"Bulgaria","GymsSportsCentresPartial",2020-05-18,2020-06-14
"Bulgaria","GymsSportsCentresPartial",2020-11-27,NA
"Bulgaria","MasksMandatoryAllSpaces",2020-03-30,2020-03-31
"Bulgaria","MasksMandatoryAllSpaces",2020-04-12,2020-04-30
"Bulgaria","MasksMandatoryAllSpaces",2021-03-22,NA
"Bulgaria","MasksMandatoryClosedSpaces",2020-05-01,NA
"Bulgaria","MassGather50",2020-03-08,2020-05-14
"Bulgaria","MassGather50Partial",2020-05-15,2020-06-30
"Bulgaria","MassGatherAll",2020-03-08,2020-03-12
"Bulgaria","MassGatherAllPartial",2020-03-13,2020-06-30
"Bulgaria","NonEssentialShops",2020-03-13,2020-05-17
"Bulgaria","NonEssentialShops",2020-11-27,2021-01-31
"Bulgaria","NonEssentialShops",2021-03-22,2021-03-31
"Bulgaria","PrivateGatheringRestrictions",2020-03-08,2020-06-30
"Bulgaria","PrivateGatheringRestrictions",2020-11-27,NA
"Bulgaria","RestaurantsCafes",2020-03-13,2020-05-31
"Bulgaria","RestaurantsCafes",2020-12-01,2021-02-28
"Bulgaria","RestaurantsCafesPartial",2020-10-29,2020-11-30
"Bulgaria","RestaurantsCafesPartial",2021-03-01,NA
"Bulgaria","Teleworking",2020-03-13,2020-03-29
"Bulgaria","Teleworking",2020-11-14,2020-11-26
"Bulgaria","TeleworkingPartial",2020-11-27,2021-04-30
"Croatia","AdaptationOfWorkplacePartial",2020-11-28,NA
"Croatia","BanOnAllEvents",2020-03-19,2020-04-18
"Croatia","ClosDaycare",2020-03-16,2020-05-11
"Croatia","ClosHigh",2020-03-16,2020-03-29
"Croatia","ClosPrim",2020-03-16,2020-05-10
"Croatia","ClosPrimPartial",2020-05-11,2020-05-25
"Croatia","ClosPubAny",2020-03-19,2020-05-28
"Croatia","ClosPubAnyPartial",2020-08-14,2020-09-22
"Croatia","ClosPubAnyPartial",2020-11-28,NA
"Croatia","ClosSec",2020-03-16,2020-03-29
"Croatia","ClosureOfPublicTransport",2020-03-22,2020-04-27
"Croatia","ClosureOfPublicTransportPartial",2020-11-28,NA
"Croatia","EntertainmentVenues",2020-03-19,2020-05-28
"Croatia","EntertainmentVenuesPartial",2020-11-28,NA
"Croatia","GymsSportsCentres",2020-03-19,2020-05-11
"Croatia","GymsSportsCentres",2020-11-28,2021-02-14
"Croatia","GymsSportsCentresPartial",2021-02-15,NA
"Croatia","IndoorOver50",2020-07-13,NA
"Croatia","MasksMandatoryAllSpaces",2020-10-28,NA
"Croatia","MasksMandatoryAllSpacesPartial",2020-02-28,2020-10-27
"Croatia","MasksMandatoryClosedSpacesPartial",2020-06-25,NA
"Croatia","MassGather50",2020-03-19,2020-04-18
"Croatia","MassGather50",2020-05-18,2020-05-27
"Croatia","MassGather50",2020-07-13,NA
"Croatia","MassGatherAll",2020-03-19,2020-04-18
"Croatia","MassGatherAll",2020-05-18,2020-05-27
"Croatia","MassGatherAll",2020-07-13,NA
"Croatia","NonEssentialShops",2020-03-19,2020-04-27
"Croatia","OutdoorOver50",2020-05-18,2020-05-27
"Croatia","OutdoorOver50",2020-11-28,NA
"Croatia","PrivateGatheringRestrictions",2020-03-19,2020-05-17
"Croatia","PrivateGatheringRestrictions",2020-07-13,NA
"Croatia","RestaurantsCafes",2020-03-19,2020-05-11
"Croatia","RestaurantsCafes",2020-11-28,2021-02-28
"Croatia","RestaurantsCafesPartial",2020-08-14,2020-09-22
"Croatia","RestaurantsCafesPartial",2021-03-01,NA
"Croatia","StayHomeGen",2020-03-17,2020-05-05
"Croatia","StayHomeRiskG",2020-03-03,NA
"Croatia","Teleworking",2020-03-19,2020-05-27
"Croatia","TeleworkingPartial",2020-11-28,NA
"Cyprus","BanOnAllEvents",2020-03-10,2020-06-24
"Cyprus","BanOnAllEventsPartial",2020-11-05,NA
"Cyprus","ClosDaycare",2020-03-10,2020-06-09
"Cyprus","ClosHigh",2020-03-10,2020-05-11
"Cyprus","ClosHigh",2020-12-14,2021-05-09
"Cyprus","ClosPrim",2020-03-10,2020-05-21
"Cyprus","ClosPrim",2021-01-10,2021-02-07
"Cyprus","ClosPubAny",2020-03-13,2020-05-03
"Cyprus","ClosPubAnyPartial",2020-05-04,2020-06-29
"Cyprus","ClosPubAnyPartial",2020-11-05,NA
"Cyprus","ClosSec",2020-03-10,2020-05-10
"Cyprus","ClosSec",2020-12-14,2021-02-07
"Cyprus","ClosSecPartial",2020-05-11,2020-05-21
"Cyprus","ClosSecPartial",2021-02-08,2021-03-31
"Cyprus","EntertainmentVenues",2020-03-16,2020-05-20
"Cyprus","EntertainmentVenues",2020-12-11,2021-02-07
"Cyprus","EntertainmentVenues",2021-04-26,2021-05-09
"Cyprus","EntertainmentVenuesPartial",2020-05-21,2020-06-29
"Cyprus","EntertainmentVenuesPartial",2021-02-08,2021-04-25
"Cyprus","EntertainmentVenuesPartial",2021-05-10,NA
"Cyprus","GymsSportsCentres",2020-03-13,2020-05-03
"Cyprus","GymsSportsCentres",2021-01-08,2021-03-31
"Cyprus","GymsSportsCentres",2021-04-26,2021-05-09
"Cyprus","GymsSportsCentresPartial",2020-05-04,2020-06-13
"Cyprus","HotelsOtherAccommodation",2020-03-16,2020-05-03
"Cyprus","HotelsOtherAccommodationPartial",2020-05-04,2020-06-09
"Cyprus","IndoorOver100",2020-07-12,2020-11-04
"Cyprus","IndoorOver50",2020-06-25,2020-07-11
"Cyprus","MasksMandatoryAllSpaces",2020-11-05,NA
"Cyprus","MasksMandatoryClosedSpaces",2020-05-04,2020-11-04
"Cyprus","MassGather50",2020-03-10,2020-07-11
"Cyprus","MassGather50Partial",2020-11-05,NA
"Cyprus","MassGatherAll",2020-03-10,2020-11-04
"Cyprus","MassGatherAllPartial",2020-11-05,NA
"Cyprus","NonEssentialShops",2020-03-16,2020-05-03
"Cyprus","NonEssentialShops",2021-04-26,2021-05-09
"Cyprus","NonEssentialShopsPartial",2020-05-04,2020-06-09
"Cyprus","NonEssentialShopsPartial",2020-12-11,2021-02-07
"Cyprus","OutdoorOver100",2020-07-12,2020-11-04
"Cyprus","OutdoorOver50",2020-06-25,2020-07-11
"Cyprus","PlaceOfWorship",2020-03-16,2020-05-03
"Cyprus","PlaceOfWorshipPartial",2020-05-04,2020-06-01
"Cyprus","PlaceOfWorshipPartial",2021-02-08,NA
"Cyprus","PrivateGatheringRestrictions",2020-03-31,2020-05-03
"Cyprus","PrivateGatheringRestrictions",2020-11-05,2021-02-07
"Cyprus","PrivateGatheringRestrictions",2021-04-26,NA
"Cyprus","PrivateGatheringRestrictionsPartial",2021-02-08,2021-04-25
"Cyprus","RestaurantsCafes",2020-03-16,2020-05-20
"Cyprus","RestaurantsCafes",2020-12-11,2021-03-14
"Cyprus","RestaurantsCafes",2021-04-26,2021-05-09
"Cyprus","RestaurantsCafesPartial",2020-05-21,2020-06-09
"Cyprus","RestaurantsCafesPartial",2020-11-05,2020-12-10
"Cyprus","RestaurantsCafesPartial",2021-03-15,2021-04-25
"Cyprus","RestaurantsCafesPartial",2021-05-10,NA
"Cyprus","StayHomeOrder",2020-03-24,2020-05-03
"Cyprus","StayHomeOrder",2021-01-10,NA
"Cyprus","StayHomeOrderPartial",2020-05-04,2020-05-21
"Cyprus","StayHomeOrderPartial",2020-11-05,2021-01-09
"Cyprus","TeleworkingPartial",2021-01-21,NA
"Cyprus","WorkplaceClosures",2020-03-16,2020-04-14
"Cyprus","WorkplaceClosuresPartial",2020-04-15,2020-06-29
"Czechia","AdaptationOfWorkplace",2020-03-24,2020-05-11
"Czechia","AdaptationOfWorkplace",2020-12-27,NA
"Czechia","BanOnAllEvents",2020-10-22,2020-12-03
"Czechia","BanOnAllEvents",2020-12-18,NA
"Czechia","ClosDaycare",2020-03-11,2020-05-11
"Czechia","ClosDaycare",2021-03-01,2021-04-11
"Czechia","ClosHigh",2020-03-11,2020-05-10
"Czechia","ClosHigh",2020-10-14,NA
"Czechia","ClosHighPartial",2020-05-11,2020-08-31
"Czechia","ClosPrim",2020-03-11,2020-05-10
"Czechia","ClosPrim",2020-10-14,2020-11-17
"Czechia","ClosPrim",2020-12-21,2021-04-11
"Czechia","ClosPrimPartial",2020-05-11,2020-08-31
"Czechia","ClosPrimPartial",2020-11-18,2020-11-29
"Czechia","ClosPrimPartial",2021-04-12,NA
"Czechia","ClosPubAny",2020-03-17,2020-04-23
"Czechia","ClosPubAny",2020-10-14,2020-11-17
"Czechia","ClosPubAnyPartial",2020-03-10,2020-03-16
"Czechia","ClosPubAnyPartial",2020-04-24,2020-10-13
"Czechia","ClosPubAnyPartial",2020-11-18,NA
"Czechia","ClosSec",2020-03-11,2020-06-07
"Czechia","ClosSec",2020-10-14,2020-12-06
"Czechia","ClosSec",2020-12-21,NA
"Czechia","ClosSecPartial",2020-06-08,2020-08-31
"Czechia","ClosSecPartial",2020-12-07,2020-12-20
"Czechia","EntertainmentVenues",2020-03-17,2020-05-10
"Czechia","EntertainmentVenues",2020-10-14,2020-12-02
"Czechia","EntertainmentVenues",2020-12-18,2021-04-11
"Czechia","EntertainmentVenuesPartial",2020-03-13,2020-03-16
"Czechia","EntertainmentVenuesPartial",2020-05-11,2020-08-31
"Czechia","EntertainmentVenuesPartial",2020-10-05,2020-10-13
"Czechia","EntertainmentVenuesPartial",2020-12-03,2020-12-17
"Czechia","EntertainmentVenuesPartial",2021-04-12,NA
"Czechia","GymsSportsCentres",2020-03-13,2020-04-26
"Czechia","GymsSportsCentres",2020-10-14,2020-12-02
"Czechia","GymsSportsCentres",2020-12-18,NA
"Czechia","GymsSportsCentresPartial",2020-04-27,2020-10-13
"Czechia","GymsSportsCentresPartial",2020-12-03,2020-12-17
"Czechia","HotelsOtherAccommodation",2020-03-16,2020-05-25
"Czechia","HotelsOtherAccommodation",2020-10-22,2020-12-03
"Czechia","HotelsOtherAccommodation",2020-12-18,NA
"Czechia","IndoorOver100",2020-03-04,2020-03-12
"Czechia","IndoorOver100",2020-05-11,2020-05-25
"Czechia","IndoorOver1000",2020-06-22,2020-08-31
"Czechia","IndoorOver500",2020-05-26,2020-06-21
"Czechia","IndoorOver500",2020-09-01,2020-10-05
"Czechia","MasksMandatoryAllSpaces",2020-03-19,2020-07-24
"Czechia","MasksMandatoryAllSpaces",2020-09-01,NA
"Czechia","MasksMandatoryAllSpacesPartial",2020-07-25,2020-08-31
"Czechia","MassGather50",2020-10-22,NA
"Czechia","MassGatherAll",2020-03-04,2020-03-12
"Czechia","MassGatherAll",2020-05-11,2020-10-05
"Czechia","MassGatherAll",2020-10-22,NA
"Czechia","NonEssentialShops",2020-03-14,2020-05-11
"Czechia","NonEssentialShops",2020-10-22,2020-12-02
"Czechia","NonEssentialShops",2020-12-27,2021-05-10
"Czechia","NonEssentialShopsPartial",2020-12-03,2020-12-26
"Czechia","OutdoorOver100",2020-05-11,2020-05-25
"Czechia","OutdoorOver1000",2020-06-22,2020-10-05
"Czechia","OutdoorOver50",2020-12-04,2020-12-17
"Czechia","OutdoorOver500",2020-05-26,2020-06-21
"Czechia","PlaceOfWorship",2020-03-16,2020-04-23
"Czechia","PlaceOfWorship",2020-10-14,2020-11-17
"Czechia","PlaceOfWorshipPartial",2020-03-10,2020-03-15
"Czechia","PlaceOfWorshipPartial",2020-04-24,2020-10-13
"Czechia","PlaceOfWorshipPartial",2020-11-18,NA
"Czechia","PrivateGatheringRestrictions",2020-03-12,2020-05-11
"Czechia","PrivateGatheringRestrictions",2020-10-05,2020-12-02
"Czechia","PrivateGatheringRestrictions",2020-12-27,2021-05-09
"Czechia","PrivateGatheringRestrictionsPartial",2020-12-03,2020-12-26
"Czechia","PrivateGatheringRestrictionsPartial",2021-05-10,NA
"Czechia","RestaurantsCafes",2020-03-14,2020-05-10
"Czechia","RestaurantsCafes",2020-10-14,2020-12-02
"Czechia","RestaurantsCafes",2020-12-18,NA
"Czechia","RestaurantsCafesPartial",2020-05-11,2020-06-08
"Czechia","RestaurantsCafesPartial",2020-12-03,2020-12-17
"Czechia","StayHomeOrder",2020-03-16,2020-04-24
"Czechia","StayHomeOrder",2020-10-22,2020-12-03
"Czechia","StayHomeOrder",2020-12-18,2021-04-11
"Czechia","Teleworking",2020-10-22,NA
"Denmark","AdaptationOfWorkplace",2020-05-08,2020-05-19
"Denmark","AdaptationOfWorkplacePartial",2020-05-20,NA
"Denmark","BanOnAllEvents",2020-10-26,2021-04-05
"Denmark","ClosDaycare",2020-03-16,2020-04-15
"Denmark","ClosHigh",2020-03-16,2020-07-31
"Denmark","ClosHigh",2020-12-16,2021-02-28
"Denmark","ClosHighPartial",2021-04-06,NA
"Denmark","ClosPrim",2020-03-16,2020-04-15
"Denmark","ClosPrim",2020-12-21,2021-01-03
"Denmark","ClosPrim",2021-01-05,2021-02-07
"Denmark","ClosPubAny",2020-04-28,2020-05-17
"Denmark","ClosPubAny",2020-12-16,2021-04-12
"Denmark","ClosPubAnyPartial",2020-03-11,2020-04-27
"Denmark","ClosPubAnyPartial",2020-05-18,2020-12-15
"Denmark","ClosPubAnyPartial",2021-04-13,NA
"Denmark","ClosSec",2020-03-16,2020-05-18
"Denmark","ClosSec",2020-12-16,2021-02-28
"Denmark","ClosSecPartial",2021-04-06,NA
"Denmark","EntertainmentVenues",2020-03-18,2020-06-08
"Denmark","EntertainmentVenues",2020-12-16,NA
"Denmark","GymsSportsCentres",2020-03-18,2020-06-08
"Denmark","GymsSportsCentres",2020-12-16,2021-04-20
"Denmark","GymsSportsCentresPartial",2021-04-21,NA
"Denmark","IndoorOver50",2020-03-18,2020-06-14
"Denmark","IndoorOver500",2020-06-15,2020-08-31
"Denmark","MasksMandatoryClosedSpaces",2020-08-22,NA
"Denmark","MasksVoluntaryAllSpacesPartial",2020-07-09,NA
"Denmark","MassGather50",2020-03-18,2020-06-14
"Denmark","MassGather50",2020-10-26,2021-04-05
"Denmark","MassGather50",2021-05-06,NA
"Denmark","MassGatherAll",2020-03-18,2020-06-14
"Denmark","MassGatherAllPartial",2020-06-15,NA
"Denmark","NonEssentialShops",2020-04-28,2020-05-10
"Denmark","NonEssentialShops",2020-12-16,2021-02-28
"Denmark","NonEssentialShops",2021-04-06,2021-04-12
"Denmark","NonEssentialShopsPartial",2020-03-11,2020-04-27
"Denmark","NonEssentialShopsPartial",2021-04-13,2021-04-20
"Denmark","OutdoorOver100",2020-09-05,2020-10-25
"Denmark","OutdoorOver100",2021-04-06,2021-05-05
"Denmark","OutdoorOver1000",2020-06-15,2020-09-04
"Denmark","OutdoorOver50",2021-05-06,NA
"Denmark","OutdoorOver500",2020-04-21,2020-06-14
"Denmark","PlaceOfWorship",2020-03-18,2020-05-18
"Denmark","PrivateGatheringRestrictions",2020-03-18,2020-06-14
"Denmark","PrivateGatheringRestrictions",2020-10-26,NA
"Denmark","RestaurantsCafes",2020-03-18,2020-05-17
"Denmark","RestaurantsCafes",2020-12-16,2021-04-20
"Denmark","RestaurantsCafesPartial",2020-05-18,2020-12-15
"Denmark","RestaurantsCafesPartial",2021-04-21,NA
"Denmark","StayHomeRiskG",2020-03-14,NA
"Denmark","Teleworking",2020-03-13,2020-06-14
"Denmark","Teleworking",2020-12-16,NA
"Denmark","TeleworkingPartial",2020-06-15,2020-12-15
"Denmark","WorkplaceClosures",2020-03-13,2020-05-10
"Estonia","AdaptationOfWorkplacePartial",2020-03-16,NA
"Estonia","BanOnAllEventsPartial",2021-03-03,2021-05-02
"Estonia","ClosDaycarePartial",2021-03-11,2021-05-02
"Estonia","ClosHigh",2020-03-16,2020-05-17
"Estonia","ClosHigh",2020-12-14,2020-12-31
"Estonia","ClosHigh",2021-03-01,NA
"Estonia","ClosPrim",2020-03-16,2020-05-17
"Estonia","ClosPrim",2020-12-14,2020-12-31
"Estonia","ClosPrim",2021-03-11,2021-05-02
"Estonia","ClosPubAny",2020-03-12,2020-05-16
"Estonia","ClosPubAnyPartial",2020-05-17,2020-07-01
"Estonia","ClosPubAnyPartial",2020-08-19,NA
"Estonia","ClosSec",2020-03-16,2020-05-17
"Estonia","ClosSec",2020-12-14,2021-01-10
"Estonia","ClosSec",2021-03-01,2021-05-02
"Estonia","ClosSecPartial",2021-05-03,NA
"Estonia","EntertainmentVenues",2020-03-12,2020-05-16
"Estonia","EntertainmentVenues",2021-03-03,2021-05-02
"Estonia","EntertainmentVenuesPartial",2020-05-17,2020-07-01
"Estonia","EntertainmentVenuesPartial",2020-11-16,2021-03-02
"Estonia","EntertainmentVenuesPartial",2021-05-03,NA
"Estonia","GymsSportsCentres",2020-03-16,2020-05-17
"Estonia","GymsSportsCentres",2021-03-11,2021-05-02
"Estonia","GymsSportsCentresPartial",2020-08-19,2021-03-10
"Estonia","GymsSportsCentresPartial",2021-05-03,NA
"Estonia","IndoorOver100",2020-06-01,2020-07-14
"Estonia","IndoorOver1000",2020-07-15,2020-11-27
"Estonia","IndoorOver50",2020-05-18,2020-05-31
"Estonia","IndoorOver500",2020-11-28,2021-03-02
"Estonia","MasksMandatoryClosedSpaces",2020-11-24,NA
"Estonia","MasksVoluntaryAllSpaces",2020-03-12,2020-05-16
"Estonia","MasksVoluntaryAllSpacesPartial",2020-05-17,2020-07-31
"Estonia","MasksVoluntaryClosedSpacesPartial",2020-10-12,2020-11-23
"Estonia","MassGather50",2020-05-18,2020-05-31
"Estonia","MassGather50Partial",2021-03-03,2021-05-02
"Estonia","MassGatherAll",2020-05-18,2020-05-31
"Estonia","MassGatherAll",2020-07-15,2021-03-02
"Estonia","MassGatherAllPartial",2020-06-01,2020-07-14
"Estonia","MassGatherAllPartial",2021-03-03,NA
"Estonia","NonEssentialShops",2020-03-27,2020-05-17
"Estonia","NonEssentialShops",2021-03-11,2021-05-02
"Estonia","NonEssentialShopsPartial",2021-03-06,2021-03-10
"Estonia","NonEssentialShopsPartial",2021-05-03,NA
"Estonia","OutdoorOver100",2020-05-18,2020-06-30
"Estonia","OutdoorOver100",2021-05-03,NA
"Estonia","OutdoorOver1000",2020-07-01,2020-11-23
"Estonia","OutdoorOver500",2020-11-24,2021-03-02
"Estonia","PlaceOfWorship",2020-03-12,2020-05-10
"Estonia","PlaceOfWorshipPartial",2020-12-24,NA
"Estonia","PrivateGatheringRestrictions",2020-03-12,2020-05-17
"Estonia","PrivateGatheringRestrictions",2020-11-16,2021-01-10
"Estonia","PrivateGatheringRestrictions",2021-02-01,2021-04-25
"Estonia","PrivateGatheringRestrictionsPartial",2021-01-11,2021-01-31
"Estonia","PrivateGatheringRestrictionsPartial",2021-04-26,NA
"Estonia","RestaurantsCafes",2021-03-11,2021-05-02
"Estonia","RestaurantsCafesPartial",2020-11-16,2021-03-02
"Estonia","RestaurantsCafesPartial",2021-03-06,2021-03-10
"Estonia","RestaurantsCafesPartial",2021-05-03,NA
"Estonia","StayHomeGen",2020-03-12,2020-05-17
"Estonia","TeleworkingPartial",2020-03-16,NA
"Finland","ClosHigh",2020-03-18,2020-08-04
"Finland","ClosPrim",2020-03-18,2020-05-14
"Finland","ClosPubAny",2020-03-18,2020-05-31
"Finland","ClosPubAnyPartial",2020-06-01,NA
"Finland","ClosSec",2020-03-18,2020-08-04
"Finland","EntertainmentVenues",2020-03-18,2020-05-31
"Finland","EntertainmentVenuesPartial",2020-06-01,NA
"Finland","GymsSportsCentres",2020-03-18,2020-06-01
"Finland","IndoorOver50",2020-03-18,2020-07-31
"Finland","IndoorOver50",2020-10-15,NA
"Finland","IndoorOver500",2020-03-12,2020-03-17
"Finland","IndoorOver500",2020-08-01,2020-10-14
"Finland","MasksVoluntaryClosedSpaces",2020-09-18,NA
"Finland","MasksVoluntaryClosedSpacesPartial",2020-08-13,2020-09-17
"Finland","MassGather50",2020-03-18,2020-06-30
"Finland","MassGather50Partial",2020-07-01,2020-07-31
"Finland","MassGather50Partial",2020-10-15,NA
"Finland","MassGatherAll",2020-03-12,2020-06-30
"Finland","MassGatherAllPartial",2020-07-01,NA
"Finland","OutdoorOver50",2020-03-18,2020-07-01
"Finland","OutdoorOver50",2020-10-15,NA
"Finland","OutdoorOver500",2020-03-12,2020-03-17
"Finland","OutdoorOver500",2020-07-02,2020-10-14
"Finland","RestaurantsCafes",2020-03-18,2020-05-31
"Finland","RestaurantsCafesPartial",2020-06-01,2020-07-13
"Finland","RestaurantsCafesPartial",2020-10-01,2021-04-18
"Finland","StayHomeRiskG",2020-03-16,2020-06-22
"Finland","StayHomeRiskGPartial",2020-06-23,NA
"Finland","Teleworking",2020-03-18,2020-08-01
"Finland","TeleworkingPartial",2020-08-13,NA
"France","BanOnAllEvents",2020-10-19,NA
"France","ClosDaycare",2020-03-16,2020-06-01
"France","ClosDaycare",2021-04-06,2021-04-26
"France","ClosDaycarePartial",2020-06-02,2020-06-22
"France","ClosHigh",2020-10-27,2021-01-24
"France","ClosHighPartial",2020-03-16,2020-06-22
"France","ClosHighPartial",2021-01-25,NA
"France","ClosPrim",2021-04-06,2021-04-26
"France","ClosPrimPartial",2020-03-16,2020-06-22
"France","ClosPubAny",2020-03-16,2020-05-10
"France","ClosPubAnyPartial",2020-05-11,2020-06-22
"France","ClosPubAnyPartial",2020-10-28,NA
"France","ClosSec",2020-03-16,2020-05-10
"France","ClosSec",2021-04-06,2021-05-02
"France","ClosSecPartial",2020-05-11,2020-06-22
"France","ClosSecPartial",2021-05-03,NA
"France","EntertainmentVenues",2020-03-16,2020-06-01
"France","EntertainmentVenues",2020-10-28,NA
"France","EntertainmentVenuesPartial",2020-06-02,2020-06-22
"France","GymsSportsCentres",2020-03-16,2020-06-22
"France","GymsSportsCentres",2020-10-28,NA
"France","IndoorOver1000",2020-02-29,2020-10-18
"France","MasksMandatoryAllSpaces",2020-10-28,NA
"France","MasksMandatoryClosedSpaces",2020-05-18,NA
"France","MasksVoluntaryAllSpaces",2020-05-11,2020-07-25
"France","MasksVoluntaryClosedSpaces",2020-05-11,2020-05-17
"France","MassGather50",2020-10-19,NA
"France","MassGather50Partial",2020-09-18,2020-10-18
"France","MassGatherAll",2020-02-29,2020-09-17
"France","MassGatherAll",2020-10-19,NA
"France","MassGatherAllPartial",2020-09-18,2020-10-18
"France","NonEssentialShops",2020-03-16,2020-05-10
"France","NonEssentialShops",2020-10-29,2020-11-27
"France","NonEssentialShopsPartial",2020-05-11,2020-06-02
"France","NonEssentialShopsPartial",2020-11-28,NA
"France","OutdoorOver1000",2020-03-13,2020-07-11
"France","OutdoorOver50",2020-09-18,2020-10-18
"France","PlaceOfWorshipPartial",2020-10-28,NA
"France","PrivateGatheringRestrictions",2020-03-17,2020-06-15
"France","PrivateGatheringRestrictions",2020-10-28,NA
"France","PrivateGatheringRestrictionsPartial",2020-09-23,2020-10-27
"France","RegionalStayHomeOrderPartial",2020-10-17,2020-10-28
"France","RegionalStayHomeOrderPartial",2021-02-26,2021-03-19
"France","RestaurantsCafes",2020-03-16,2020-06-01
"France","RestaurantsCafes",2020-10-28,NA
"France","RestaurantsCafesPartial",2020-06-02,2020-06-15
"France","StayHomeOrder",2020-03-17,2020-05-11
"France","StayHomeOrder",2020-10-28,2020-12-14
"France","StayHomeOrderPartial",2020-05-12,2020-06-02
"France","StayHomeOrderPartial",2020-12-15,NA
"France","Teleworking",2020-03-17,2020-05-10
"France","Teleworking",2020-10-29,NA
"France","TeleworkingPartial",2020-05-11,2020-10-28
"France","WorkplaceClosures",2020-03-17,2020-05-11
"Germany","BanOnAllEvents",2020-03-23,2020-05-10
"Germany","BanOnAllEvents",2020-11-02,NA
"Germany","BanOnAllEventsPartial",2020-05-11,2020-06-29
"Germany","ClosDaycare",2020-03-13,2020-05-14
"Germany","ClosDaycarePartial",2020-05-15,2020-07-01
"Germany","ClosDaycarePartial",2020-12-16,NA
"Germany","ClosPrim",2020-03-13,2020-05-03
"Germany","ClosPrimPartial",2020-05-04,2020-06-29
"Germany","ClosPrimPartial",2020-12-16,NA
"Germany","ClosPubAny",2020-03-16,2020-05-04
"Germany","ClosPubAnyPartial",2020-05-05,NA
"Germany","ClosSec",2020-03-13,2020-05-03
"Germany","ClosSecPartial",2020-05-04,2020-06-15
"Germany","ClosSecPartial",2020-12-16,NA
"Germany","EntertainmentVenues",2020-03-16,2020-05-04
"Germany","EntertainmentVenues",2020-11-02,2021-03-07
"Germany","EntertainmentVenuesPartial",2020-05-05,2020-11-01
"Germany","EntertainmentVenuesPartial",2021-03-08,NA
"Germany","GymsSportsCentres",2020-11-02,2021-03-07
"Germany","GymsSportsCentresPartial",2021-03-08,NA
"Germany","HotelsOtherAccommodationPartial",2020-10-07,NA
"Germany","IndoorOver100",2020-06-30,2020-09-28
"Germany","IndoorOver1000",2020-03-10,2020-03-22
"Germany","IndoorOver50",2020-09-29,2020-11-01
"Germany","MasksMandatoryAllSpacesPartial",2020-11-01,NA
"Germany","MasksMandatoryClosedSpaces",2020-04-27,NA
"Germany","MasksVoluntaryAllSpaces",2020-04-02,2020-04-27
"Germany","MassGather50",2020-03-23,2020-05-10
"Germany","MassGather50",2020-11-02,NA
"Germany","MassGather50Partial",2020-05-11,2020-06-29
"Germany","MassGather50Partial",2020-09-29,2020-11-01
"Germany","MassGatherAll",2020-03-10,2020-05-10
"Germany","MassGatherAll",2020-11-02,NA
"Germany","MassGatherAllPartial",2020-05-11,2020-11-01
"Germany","NonEssentialShops",2020-03-16,2020-04-20
"Germany","NonEssentialShops",2020-12-16,2021-03-07
"Germany","NonEssentialShopsPartial",2021-03-08,NA
"Germany","OutdoorOver100",2020-06-30,2020-11-01
"Germany","PlaceOfWorshipPartial",2020-12-16,NA
"Germany","PrivateGatheringRestrictions",2020-11-02,NA
"Germany","RestaurantsCafes",2020-03-23,2020-05-04
"Germany","RestaurantsCafes",2020-11-02,2021-04-22
"Germany","RestaurantsCafesPartial",2020-05-05,2020-06-08
"Germany","RestaurantsCafesPartial",2020-10-14,2020-11-01
"Germany","RestaurantsCafesPartial",2021-04-23,NA
"Germany","SocialCirclePartial",2020-08-02,NA
"Germany","StayHomeGen",2020-03-17,2020-05-05
"Germany","StayHomeGenPartial",2020-05-06,2020-06-29
"Germany","StayHomeOrderPartial",2020-12-09,NA
"Germany","Teleworking",2021-01-19,NA
"Germany","TeleworkingPartial",2020-12-23,2021-01-18
"Greece","BanOnAllEvents",2020-11-07,2021-01-25
"Greece","BanOnAllEventsPartial",2020-07-13,2020-11-06
"Greece","ClosDaycare",2020-03-11,2020-06-01
"Greece","ClosDaycare",2020-11-16,2021-01-10
"Greece","ClosDaycare",2021-03-20,2021-05-09
"Greece","ClosDaycarePartial",2021-02-06,2021-03-19
"Greece","ClosDaycarePartial",2021-05-10,NA
"Greece","ClosHigh",2020-11-03,NA
"Greece","ClosHighPartial",2020-03-16,2020-05-25
"Greece","ClosPrim",2020-03-11,2020-06-01
"Greece","ClosPrim",2020-11-16,2021-01-10
"Greece","ClosPrim",2021-03-20,2021-05-09
"Greece","ClosPrimPartial",2021-02-06,2021-03-19
"Greece","ClosPubAny",2020-03-14,2020-05-03
"Greece","ClosPubAnyPartial",2020-05-04,NA
"Greece","ClosSec",2020-03-11,2020-05-10
"Greece","ClosSec",2020-11-07,2021-02-05
"Greece","ClosSec",2021-03-20,2021-04-11
"Greece","ClosSecPartial",2020-05-11,2020-05-18
"Greece","ClosSecPartial",2021-02-06,2021-03-19
"Greece","ClosSecPartial",2021-04-12,2021-05-09
"Greece","EntertainmentVenues",2020-03-14,2020-05-17
"Greece","EntertainmentVenues",2020-11-07,NA
"Greece","EntertainmentVenuesPartial",2020-05-18,2020-06-15
"Greece","EntertainmentVenuesPartial",2020-08-09,2020-11-06
"Greece","GymsSportsCentres",2020-03-14,2020-06-05
"Greece","GymsSportsCentres",2020-11-07,NA
"Greece","GymsSportsCentresPartial",2020-06-06,2020-06-15
"Greece","GymsSportsCentresPartial",2020-11-04,2020-11-06
"Greece","HotelsOtherAccommodation",2020-03-15,2020-05-24
"Greece","HotelsOtherAccommodationPartial",2020-05-25,2020-07-01
"Greece","MasksMandatoryAllSpaces",2020-07-17,NA
"Greece","MasksMandatoryClosedSpaces",2020-04-28,2020-07-06
"Greece","MasksVoluntaryClosedSpaces",2020-07-07,2020-07-16
"Greece","MassGather50",2020-11-07,2021-01-25
"Greece","MassGather50Partial",2020-07-13,2020-11-06
"Greece","MassGatherAll",2020-11-07,NA
"Greece","MassGatherAllPartial",2020-07-13,2020-11-06
"Greece","NonEssentialShops",2020-03-14,2020-05-03
"Greece","NonEssentialShops",2020-11-07,2021-01-17
"Greece","NonEssentialShopsPartial",2020-05-04,2020-06-01
"Greece","NonEssentialShopsPartial",2021-02-06,NA
"Greece","OutdoorOver100",2021-01-26,NA
"Greece","PlaceOfWorship",2020-03-14,2020-05-16
"Greece","PlaceOfWorshipPartial",2020-05-17,2020-06-05
"Greece","PlaceOfWorshipPartial",2020-11-07,NA
"Greece","PrivateGatheringRestrictions",2020-03-19,2020-05-03
"Greece","PrivateGatheringRestrictions",2020-11-07,NA
"Greece","RegionalStayHomeOrder",2020-11-03,2020-11-06
"Greece","RegionalStayHomeOrder",2021-01-11,2021-02-05
"Greece","RegionalStayHomeOrderPartial",2021-02-06,2021-04-19
"Greece","RestaurantsCafes",2020-03-14,2020-05-31
"Greece","RestaurantsCafes",2020-11-07,2021-05-02
"Greece","RestaurantsCafesPartial",2020-06-01,2020-11-06
"Greece","RestaurantsCafesPartial",2021-05-03,NA
"Greece","SocialCircle",2021-01-01,2021-01-02
"Greece","StayHomeGen",2020-02-27,2020-03-22
"Greece","StayHomeOrder",2020-03-23,2020-05-04
"Greece","StayHomeOrderPartial",2020-11-07,NA
"Greece","StayHomeRiskG",2020-03-11,NA
"Greece","Teleworking",2020-03-19,2021-04-26
"Greece","TeleworkingPartial",2021-04-27,NA
"Hungary","BanOnAllEvents",2020-03-16,2020-06-11
"Hungary","BanOnAllEvents",2020-11-11,2021-04-30
"Hungary","ClosDaycare",2020-03-25,2020-06-02
"Hungary","ClosDaycare",2021-03-09,2021-04-18
"Hungary","ClosHigh",2020-03-25,2020-05-18
"Hungary","ClosHigh",2020-11-11,NA
"Hungary","ClosPrim",2020-03-16,2020-06-01
"Hungary","ClosPrim",2021-03-08,2021-04-18
"Hungary","ClosPrimPartial",2020-06-02,2020-06-26
"Hungary","ClosPrimPartial",2021-04-19,2021-05-09
"Hungary","ClosPubAny",2020-03-13,2020-05-18
"Hungary","ClosPubAny",2021-03-08,2021-04-06
"Hungary","ClosPubAnyPartial",2020-09-21,2021-03-07
"Hungary","ClosPubAnyPartial",2021-04-07,NA
"Hungary","ClosSec",2020-03-16,2020-06-01
"Hungary","ClosSec",2020-11-11,2021-05-09
"Hungary","ClosSecPartial",2020-06-02,2020-06-26
"Hungary","EntertainmentVenues",2020-03-13,2020-05-18
"Hungary","EntertainmentVenues",2020-11-04,NA
"Hungary","GymsSportsCentres",2020-11-11,NA
"Hungary","IndoorOver100",2020-03-11,2020-03-15
"Hungary","IndoorOver500",2020-09-21,2020-11-10
"Hungary","MasksMandatoryAllSpaces",2020-11-11,NA
"Hungary","MasksMandatoryClosedSpaces",2020-11-02,2020-11-11
"Hungary","MasksMandatoryClosedSpacesPartial",2020-05-04,2020-11-01
"Hungary","MassGather50",2020-03-16,2020-06-11
"Hungary","MassGather50",2020-11-11,2021-04-30
"Hungary","MassGatherAll",2020-03-11,2020-06-11
"Hungary","MassGatherAll",2020-11-11,2021-04-30
"Hungary","MassGatherAllPartial",2020-09-21,2020-11-10
"Hungary","NonEssentialShops",2020-03-28,2020-05-18
"Hungary","NonEssentialShops",2021-03-08,2021-04-06
"Hungary","NonEssentialShopsPartial",2020-11-11,2021-03-07
"Hungary","NonEssentialShopsPartial",2021-04-07,NA
"Hungary","OutdoorOver500",2020-09-21,2020-11-10
"Hungary","PrivateGatheringRestrictionsPartial",2020-11-11,NA
"Hungary","RestaurantsCafes",2020-03-28,2020-05-18
"Hungary","RestaurantsCafes",2020-11-11,2021-04-23
"Hungary","RestaurantsCafes",2021-05-01,NA
"Hungary","RestaurantsCafesPartial",2020-09-21,2020-11-10
"Hungary","RestaurantsCafesPartial",2021-04-24,2021-04-30
"Hungary","StayHomeGen",2020-03-21,2020-03-26
"Hungary","StayHomeOrder",2020-03-27,2020-05-18
"Hungary","StayHomeOrderPartial",2020-11-04,NA
"Hungary","TeleworkingPartial",2021-03-08,2021-03-22
"Iceland","AdaptationOfWorkplace",2020-03-16,NA
"Iceland","ClosHigh",2020-03-16,2020-05-04
"Iceland","ClosHigh",2021-03-25,2021-04-01
"Iceland","ClosPrim",2021-03-25,2021-04-01
"Iceland","ClosPubAny",2020-03-16,2020-05-03
"Iceland","ClosPubAnyPartial",2020-05-04,2020-06-15
"Iceland","ClosPubAnyPartial",2020-08-31,NA
"Iceland","ClosSec",2020-03-16,2020-05-04
"Iceland","ClosSec",2021-03-25,2021-04-01
"Iceland","EntertainmentVenues",2020-03-16,2020-05-03
"Iceland","EntertainmentVenues",2020-11-01,2020-12-09
"Iceland","EntertainmentVenues",2021-03-24,2021-04-14
"Iceland","EntertainmentVenuesPartial",2020-05-04,2020-05-25
"Iceland","EntertainmentVenuesPartial",2020-08-31,2020-10-31
"Iceland","EntertainmentVenuesPartial",2020-12-10,2021-03-23
"Iceland","EntertainmentVenuesPartial",2021-04-15,NA
"Iceland","GymsSportsCentres",2020-03-16,2020-05-17
"Iceland","GymsSportsCentres",2021-03-24,2021-04-14
"Iceland","GymsSportsCentresPartial",2020-05-18,2020-06-15
"Iceland","GymsSportsCentresPartial",2020-10-20,2021-03-23
"Iceland","GymsSportsCentresPartial",2021-04-15,NA
"Iceland","IndoorOver100",2020-03-16,2020-03-23
"Iceland","IndoorOver100",2020-07-31,2020-09-09
"Iceland","IndoorOver50",2020-03-24,2020-05-25
"Iceland","IndoorOver50",2021-02-24,2021-03-23
"Iceland","IndoorOver500",2020-05-26,2020-07-30
"Iceland","IndoorOver500",2020-09-10,2020-10-03
"Iceland","MasksMandatoryAllSpacesPartial",2020-10-05,NA
"Iceland","MasksVoluntaryAllSpacesPartial",2020-07-31,2020-10-05
"Iceland","MassGather50",2020-03-24,2020-05-25
"Iceland","MassGather50",2020-10-04,2021-03-23
"Iceland","MassGatherAll",2020-03-16,2020-05-24
"Iceland","MassGatherAll",2020-10-04,2021-03-23
"Iceland","MassGatherAllPartial",2020-05-25,2020-10-03
"Iceland","OutdoorOver100",2020-03-16,2020-03-23
"Iceland","OutdoorOver100",2020-07-31,2020-09-07
"Iceland","OutdoorOver50",2020-03-24,2020-05-25
"Iceland","OutdoorOver50",2020-10-04,2021-02-23
"Iceland","OutdoorOver500",2020-05-26,2020-07-30
"Iceland","OutdoorOver500",2020-09-08,2020-10-03
"Iceland","OutdoorOver500",2021-02-24,2021-03-23
"Iceland","PlaceOfWorshipPartial",2021-02-05,NA
"Iceland","PrivateGatheringRestrictions",2020-10-04,2021-02-23
"Iceland","PrivateGatheringRestrictions",2021-03-24,NA
"Iceland","RestaurantsCafes",2020-03-16,2020-05-25
"Iceland","RestaurantsCafesPartial",2020-10-31,NA
"Iceland","StayHomeRiskG",2020-03-16,NA
"Ireland","BanOnAllEvents",2020-03-24,2020-06-28
"Ireland","BanOnAllEvents",2020-10-21,2020-11-30
"Ireland","BanOnAllEvents",2020-12-31,2021-05-09
"Ireland","BanOnAllEventsPartial",2020-03-06,2020-03-08
"Ireland","BanOnAllEventsPartial",2021-05-10,NA
"Ireland","ClosDaycare",2020-03-12,2020-06-29
"Ireland","ClosDaycarePartial",2021-01-11,2021-03-29
"Ireland","ClosHigh",2020-03-12,2020-09-20
"Ireland","ClosHighPartial",2020-09-21,NA
"Ireland","ClosPrim",2020-03-12,2020-08-24
"Ireland","ClosPrim",2021-01-11,2021-02-28
"Ireland","ClosPrimPartial",2021-03-01,2021-03-14
"Ireland","ClosPubAny",2020-03-12,2020-03-26
"Ireland","ClosPubAny",2020-06-06,2020-06-29
"Ireland","ClosPubAny",2020-10-21,2020-11-30
"Ireland","ClosPubAny",2020-12-31,2021-04-25
"Ireland","ClosPubAnyPartial",2020-03-27,2020-06-05
"Ireland","ClosPubAnyPartial",2020-10-06,2020-10-20
"Ireland","ClosPubAnyPartial",2020-12-01,2020-12-30
"Ireland","ClosPubAnyPartial",2021-04-26,NA
"Ireland","ClosSec",2020-03-12,2020-08-31
"Ireland","ClosSec",2021-01-11,2021-02-28
"Ireland","ClosSecPartial",2021-03-01,2021-04-11
"Ireland","ClosureOfPublicTransportPartial",2020-03-27,2020-06-05
"Ireland","EntertainmentVenues",2020-03-12,2020-06-29
"Ireland","EntertainmentVenues",2020-10-06,2020-11-30
"Ireland","EntertainmentVenues",2020-12-25,2021-04-25
"Ireland","EntertainmentVenuesPartial",2020-12-01,2020-12-24
"Ireland","EntertainmentVenuesPartial",2021-04-26,NA
"Ireland","GymsSportsCentres",2020-03-24,2020-06-29
"Ireland","GymsSportsCentres",2020-10-21,2020-11-30
"Ireland","GymsSportsCentres",2020-12-31,NA
"Ireland","GymsSportsCentresPartial",2020-10-06,2020-10-20
"Ireland","GymsSportsCentresPartial",2020-12-01,2020-12-30
"Ireland","IndoorOver100",2020-03-12,2020-03-23
"Ireland","IndoorOver50",2020-06-29,2020-10-20
"Ireland","MasksMandatoryClosedSpaces",2020-06-29,NA
"Ireland","MasksVoluntaryAllSpaces",2020-05-18,NA
"Ireland","MassGather50",2020-03-24,2020-11-30
"Ireland","MassGather50",2020-12-31,2021-05-09
"Ireland","MassGather50Partial",2020-03-06,2020-03-08
"Ireland","MassGather50Partial",2021-05-10,NA
"Ireland","MassGatherAll",2020-03-12,2020-11-30
"Ireland","MassGatherAll",2020-12-31,2021-05-09
"Ireland","MassGatherAllPartial",2020-03-06,2020-03-08
"Ireland","MassGatherAllPartial",2021-05-10,NA
"Ireland","NonEssentialShops",2020-03-24,2020-06-29
"Ireland","NonEssentialShops",2020-10-21,2020-11-30
"Ireland","NonEssentialShops",2021-01-01,2021-05-09
"Ireland","NonEssentialShopsPartial",2021-05-10,NA
"Ireland","OutdoorOver50",2020-08-24,2020-10-20
"Ireland","OutdoorOver500",2020-03-12,2020-03-23
"Ireland","OutdoorOver500",2020-06-29,2020-08-23
"Ireland","PlaceOfWorship",2020-10-06,2020-11-30
"Ireland","PlaceOfWorship",2020-12-31,2021-05-09
"Ireland","PlaceOfWorshipPartial",2020-12-01,2020-12-30
"Ireland","PrivateGatheringRestrictions",2020-03-24,2020-06-28
"Ireland","PrivateGatheringRestrictions",2020-10-21,2020-11-30
"Ireland","PrivateGatheringRestrictions",2020-12-31,2021-05-09
"Ireland","PrivateGatheringRestrictionsPartial",2020-12-01,2020-12-30
"Ireland","PrivateGatheringRestrictionsPartial",2021-05-10,NA
"Ireland","RestaurantsCafes",2020-03-24,2020-06-29
"Ireland","RestaurantsCafes",2020-10-21,2020-12-03
"Ireland","RestaurantsCafes",2020-12-25,NA
"Ireland","RestaurantsCafesPartial",2020-10-06,2020-10-20
"Ireland","RestaurantsCafesPartial",2020-12-04,2020-12-24
"Ireland","SocialCircle",2020-10-21,NA
"Ireland","StayHomeGen",2020-03-24,2020-03-26
"Ireland","StayHomeGen",2020-05-18,2020-06-26
"Ireland","StayHomeGenPartial",2020-03-12,2020-03-23
"Ireland","StayHomeOrder",2020-03-27,2020-05-17
"Ireland","StayHomeOrder",2020-10-21,2020-11-30
"Ireland","StayHomeOrder",2020-12-31,2021-04-11
"Ireland","StayHomeRiskG",2020-03-12,NA
"Ireland","Teleworking",2020-03-12,NA
"Italy","AdaptationOfWorkplace",2020-03-10,2020-06-10
"Italy","AdaptationOfWorkplacePartial",2020-06-11,2020-10-15
"Italy","BanOnAllEvents",2020-03-09,2020-06-11
"Italy","BanOnAllEvents",2020-11-06,2021-04-25
"Italy","BanOnAllEventsPartial",2020-03-04,2020-03-08
"Italy","ClosDaycare",2020-03-10,2020-06-10
"Italy","ClosDaycarePartial",2020-03-04,2020-03-09
"Italy","ClosDaycarePartial",2020-06-11,2020-09-14
"Italy","ClosHigh",2020-03-10,2020-06-10
"Italy","ClosHigh",2020-12-04,2021-01-15
"Italy","ClosHighPartial",2020-03-04,2020-03-09
"Italy","ClosHighPartial",2020-06-11,2020-09-14
"Italy","ClosHighPartial",2020-11-05,2020-12-03
"Italy","ClosPrim",2020-03-11,2020-09-14
"Italy","ClosPrimPartial",2020-03-04,2020-03-10
"Italy","ClosPubAny",2020-12-24,2021-01-06
"Italy","ClosPubAny",2021-04-07,2021-04-25
"Italy","ClosPubAnyPartial",2020-03-10,2020-12-23
"Italy","ClosPubAnyPartial",2021-01-07,2021-04-06
"Italy","ClosPubAnyPartial",2021-04-26,NA
"Italy","ClosSec",2020-03-04,2020-06-16
"Italy","ClosSec",2020-07-05,2020-09-14
"Italy","ClosSec",2020-11-05,2021-01-06
"Italy","ClosSecPartial",2020-06-17,2020-07-04
"Italy","ClosSecPartial",2021-01-15,2021-03-05
"Italy","ClosSecPartial",2021-04-27,NA
"Italy","ClosureOfPublicTransportPartial",2020-11-05,2020-12-03
"Italy","ClosureOfPublicTransportPartial",2021-01-15,2021-04-06
"Italy","EntertainmentVenues",2020-03-10,2020-05-17
"Italy","EntertainmentVenues",2020-10-26,2021-03-26
"Italy","EntertainmentVenuesPartial",2020-05-18,2020-06-15
"Italy","GymsSportsCentres",2020-03-10,2020-05-24
"Italy","GymsSportsCentres",2020-10-26,NA
"Italy","GymsSportsCentresPartial",2020-05-25,2020-10-25
"Italy","IndoorOver500",2020-08-07,2020-11-05
"Italy","IndoorOver500",2021-04-26,NA
"Italy","MasksMandatoryAllSpaces",2020-04-26,2020-07-14
"Italy","MasksMandatoryAllSpaces",2020-10-08,NA
"Italy","MasksMandatoryAllSpacesPartial",2020-08-16,2020-10-07
"Italy","MasksMandatoryClosedSpaces",2020-07-15,2020-08-15
"Italy","MassGather50",2020-03-09,2020-06-11
"Italy","MassGather50",2020-11-06,2021-04-25
"Italy","MassGather50Partial",2020-03-04,2020-03-08
"Italy","MassGatherAll",2020-03-09,2020-06-11
"Italy","MassGatherAll",2020-11-06,NA
"Italy","MassGatherAllPartial",2020-03-04,2020-03-08
"Italy","MassGatherAllPartial",2020-06-12,2020-11-05
"Italy","NonEssentialShops",2020-03-10,2020-04-13
"Italy","NonEssentialShops",2020-12-24,2021-01-06
"Italy","NonEssentialShopsPartial",2020-04-14,2020-05-18
"Italy","OutdoorOver1000",2020-06-12,2020-11-05
"Italy","OutdoorOver1000",2021-04-26,NA
"Italy","PlaceOfWorship",2020-03-10,2020-06-15
"Italy","PrivateGatheringRestrictionsPartial",2021-02-22,NA
"Italy","RegionalStayHomeOrder",2021-01-16,2021-01-31
"Italy","RegionalStayHomeOrder",2021-02-08,2021-02-21
"Italy","RegionalStayHomeOrder",2021-03-08,2021-05-10
"Italy","RegionalStayHomeOrderPartial",2020-10-22,2020-12-03
"Italy","RestaurantsCafes",2020-12-24,2021-01-06
"Italy","RestaurantsCafesPartial",2020-03-10,2020-05-18
"Italy","RestaurantsCafesPartial",2020-10-18,2020-12-23
"Italy","RestaurantsCafesPartial",2021-01-07,2021-04-01
"Italy","RestaurantsCafesPartial",2021-04-26,NA
"Italy","StayHomeGen",2020-10-26,2020-11-04
"Italy","StayHomeOrder",2020-03-10,2020-05-04
"Italy","StayHomeOrderPartial",2020-11-05,NA
"Italy","StayHomeRiskG",2020-03-04,NA
"Italy","Teleworking",2020-03-12,2020-06-10
"Italy","Teleworking",2020-10-16,NA
"Latvia","BanOnAllEvents",2020-11-09,NA
"Latvia","BanOnAllEventsPartial",2020-05-12,2020-06-10
"Latvia","ClosDaycarePartial",2020-03-17,2020-06-10
"Latvia","ClosDaycarePartial",2021-03-16,2021-05-07
"Latvia","ClosHigh",2020-03-17,2020-08-31
"Latvia","ClosHigh",2020-10-26,NA
"Latvia","ClosPrim",2020-03-17,2020-08-31
"Latvia","ClosPrimPartial",2020-11-02,NA
"Latvia","ClosPubAny",2020-03-17,2020-05-11
"Latvia","ClosPubAnyPartial",2020-05-12,2020-06-10
"Latvia","ClosPubAnyPartial",2020-07-11,NA
"Latvia","ClosSec",2020-10-26,2021-04-06
"Latvia","ClosSecPartial",2020-03-17,2020-05-07
"Latvia","ClosSecPartial",2021-04-07,NA
"Latvia","ClosureOfPublicTransportPartial",2020-12-07,NA
"Latvia","EntertainmentVenues",2020-03-17,2020-05-11
"Latvia","EntertainmentVenues",2020-11-09,NA
"Latvia","EntertainmentVenuesPartial",2020-05-12,2020-06-10
"Latvia","GymsSportsCentres",2020-03-17,2020-05-11
"Latvia","GymsSportsCentres",2020-12-03,NA
"Latvia","GymsSportsCentresPartial",2020-05-12,2020-06-10
"Latvia","IndoorOver100",2020-06-11,2020-07-31
"Latvia","IndoorOver1000",2020-08-17,2020-10-10
"Latvia","IndoorOver50",2020-03-17,2020-05-11
"Latvia","IndoorOver500",2020-08-01,2020-08-16
"Latvia","IndoorOver500",2020-10-11,2020-11-06
"Latvia","MasksMandatoryAllSpacesPartial",2020-03-17,2020-06-30
"Latvia","MasksMandatoryClosedSpaces",2020-10-07,NA
"Latvia","MasksMandatoryClosedSpacesPartial",2020-05-12,2020-06-30
"Latvia","MasksVoluntaryAllSpacesPartial",2020-04-20,2020-06-30
"Latvia","MassGather50",2020-03-17,2020-05-11
"Latvia","MassGather50",2020-11-09,NA
"Latvia","MassGather50Partial",2020-05-12,2020-06-10
"Latvia","MassGatherAll",2020-03-17,2020-05-11
"Latvia","MassGatherAll",2020-06-11,2020-06-30
"Latvia","MassGatherAll",2020-08-01,2020-11-06
"Latvia","MassGatherAll",2020-11-09,NA
"Latvia","MassGatherAllPartial",2020-05-12,2020-06-10
"Latvia","MassGatherAllPartial",2020-07-01,2020-07-31
"Latvia","NonEssentialShopsPartial",2020-11-09,NA
"Latvia","OutdoorOver1000",2020-07-01,2020-10-29
"Latvia","OutdoorOver500",2020-06-11,2020-06-30
"Latvia","OutdoorOver500",2020-10-30,2020-11-06
"Latvia","PlaceOfWorship",2020-03-17,2020-05-11
"Latvia","PlaceOfWorshipPartial",2020-05-12,2020-06-10
"Latvia","PlaceOfWorshipPartial",2020-12-06,NA
"Latvia","PrivateGatheringRestrictions",2020-10-17,NA
"Latvia","RestaurantsCafes",2020-11-09,2021-05-06
"Latvia","RestaurantsCafesPartial",2020-07-11,2020-11-08
"Latvia","RestaurantsCafesPartial",2021-05-07,NA
"Latvia","StayHomeGen",2020-03-17,2020-05-11
"Latvia","StayHomeGenPartial",2020-05-12,2020-06-10
"Latvia","StayHomeOrderPartial",2020-12-24,2021-02-07
"Latvia","Teleworking",2020-03-17,NA
"Liechtenstein","BanOnAllEvents",2020-12-20,NA
"Liechtenstein","ClosDaycare",2020-03-16,2020-05-11
"Liechtenstein","ClosHigh",2020-03-16,2020-06-08
"Liechtenstein","ClosPrim",2020-03-16,2020-06-08
"Liechtenstein","ClosPubAny",2020-10-24,2020-11-29
"Liechtenstein","ClosPubAny",2020-12-20,2021-02-28
"Liechtenstein","ClosPubAnyPartial",2020-03-12,2020-06-06
"Liechtenstein","ClosPubAnyPartial",2020-11-30,2020-12-19
"Liechtenstein","ClosPubAnyPartial",2021-03-01,NA
"Liechtenstein","ClosSec",2020-03-16,2020-06-08
"Liechtenstein","EntertainmentVenues",2020-03-17,2020-06-06
"Liechtenstein","EntertainmentVenues",2020-12-20,2021-04-25
"Liechtenstein","EntertainmentVenuesPartial",2020-12-12,2020-12-19
"Liechtenstein","EntertainmentVenuesPartial",2021-04-26,NA
"Liechtenstein","GymsSportsCentres",2021-01-12,2021-02-28
"Liechtenstein","GymsSportsCentresPartial",2020-03-12,2020-06-06
"Liechtenstein","GymsSportsCentresPartial",2021-03-01,NA
"Liechtenstein","IndoorOver100",2020-03-13,2020-07-03
"Liechtenstein","IndoorOver1000",2020-02-28,2020-03-12
"Liechtenstein","IndoorOver1000",2020-07-04,2020-09-30
"Liechtenstein","MasksMandatoryAllSpaces",2020-12-20,NA
"Liechtenstein","MasksMandatoryClosedSpaces",2020-10-20,2020-12-19
"Liechtenstein","MasksMandatoryClosedSpacesPartial",2020-07-06,2020-10-19
"Liechtenstein","MasksVoluntaryClosedSpacesPartial",2020-05-13,2020-07-05
"Liechtenstein","MassGather50",2020-12-20,NA
"Liechtenstein","MassGatherAll",2020-02-28,2020-09-30
"Liechtenstein","MassGatherAll",2020-12-20,NA
"Liechtenstein","NonEssentialShops",2020-03-17,2020-04-27
"Liechtenstein","OutdoorOver100",2020-03-13,2020-07-03
"Liechtenstein","OutdoorOver1000",2020-02-28,2020-03-12
"Liechtenstein","PrivateGatheringRestrictions",2020-03-16,2020-05-20
"Liechtenstein","PrivateGatheringRestrictions",2020-10-19,NA
"Liechtenstein","RestaurantsCafes",2020-03-17,2020-05-15
"Liechtenstein","RestaurantsCafes",2020-10-24,2020-11-29
"Liechtenstein","RestaurantsCafes",2020-12-20,2021-04-25
"Liechtenstein","RestaurantsCafesPartial",2020-11-30,2020-12-19
"Liechtenstein","RestaurantsCafesPartial",2021-04-26,NA
"Liechtenstein","StayHomeGen",2020-03-21,2020-05-18
"Liechtenstein","StayHomeRiskG",2020-03-16,NA
"Liechtenstein","TeleworkingPartial",2021-01-15,NA
"Lithuania","BanOnAllEvents",2020-03-12,2020-05-31
"Lithuania","BanOnAllEvents",2020-11-07,2021-03-05
"Lithuania","BanOnAllEventsPartial",2021-03-06,NA
"Lithuania","ClosDaycare",2020-03-16,2020-04-26
"Lithuania","ClosDaycarePartial",2020-04-27,2020-05-27
"Lithuania","ClosHigh",2020-03-16,2020-05-24
"Lithuania","ClosHigh",2020-11-07,NA
"Lithuania","ClosHighPartial",2020-05-25,2020-06-30
"Lithuania","ClosHighPartial",2020-09-01,2020-11-06
"Lithuania","ClosPrim",2020-03-16,2020-05-24
"Lithuania","ClosPrim",2020-12-14,NA
"Lithuania","ClosPrimPartial",2020-05-25,2020-06-23
"Lithuania","ClosPubAnyPartial",2020-03-16,NA
"Lithuania","ClosSec",2020-03-16,2020-05-31
"Lithuania","ClosSec",2020-11-07,2021-05-02
"Lithuania","ClosSecPartial",2020-06-01,2020-06-16
"Lithuania","ClosSecPartial",2020-09-01,2020-11-06
"Lithuania","ClosSecPartial",2021-05-03,NA
"Lithuania","EntertainmentVenues",2020-03-16,2020-04-26
"Lithuania","EntertainmentVenues",2020-12-16,2021-03-05
"Lithuania","EntertainmentVenuesPartial",2020-04-27,2020-07-17
"Lithuania","EntertainmentVenuesPartial",2020-10-26,2020-12-15
"Lithuania","EntertainmentVenuesPartial",2021-04-27,NA
"Lithuania","GymsSportsCentres",2020-11-07,2021-05-02
"Lithuania","GymsSportsCentresPartial",2020-03-16,2020-06-16
"Lithuania","GymsSportsCentresPartial",2021-05-03,NA
"Lithuania","HotelsOtherAccommodationPartial",2020-11-07,NA
"Lithuania","IndoorOver100",2020-06-01,2020-06-15
"Lithuania","IndoorOver1000",2020-08-16,2020-08-31
"Lithuania","IndoorOver500",2020-06-17,2020-07-31
"Lithuania","IndoorOver500",2020-10-30,2020-11-06
"Lithuania","MasksMandatoryAllSpaces",2020-04-10,2020-04-29
"Lithuania","MasksMandatoryAllSpaces",2020-11-07,2021-02-24
"Lithuania","MasksMandatoryAllSpacesPartial",2020-04-30,2020-06-16
"Lithuania","MasksMandatoryAllSpacesPartial",2020-08-21,2020-11-06
"Lithuania","MasksMandatoryAllSpacesPartial",2021-02-25,NA
"Lithuania","MasksMandatoryClosedSpacesPartial",2020-08-01,2020-08-20
"Lithuania","MasksVoluntaryAllSpaces",2020-03-23,2020-04-09
"Lithuania","MasksVoluntaryAllSpaces",2020-06-16,2020-11-06
"Lithuania","MassGather50",2020-03-12,2020-05-03
"Lithuania","MassGather50",2020-11-07,2021-03-05
"Lithuania","MassGather50Partial",2020-05-04,2020-06-16
"Lithuania","MassGather50Partial",2021-03-06,NA
"Lithuania","MassGatherAll",2020-03-12,2020-05-03
"Lithuania","MassGatherAll",2020-07-01,2020-08-15
"Lithuania","MassGatherAll",2020-11-14,2021-03-05
"Lithuania","MassGatherAllPartial",2020-05-04,2020-06-30
"Lithuania","MassGatherAllPartial",2020-08-16,2020-08-31
"Lithuania","MassGatherAllPartial",2020-10-30,2020-11-13
"Lithuania","MassGatherAllPartial",2021-03-06,NA
"Lithuania","NonEssentialShops",2020-03-16,2020-04-22
"Lithuania","NonEssentialShops",2020-12-16,2021-02-14
"Lithuania","NonEssentialShopsPartial",2020-04-23,2020-12-15
"Lithuania","NonEssentialShopsPartial",2021-02-15,NA
"Lithuania","OutdoorOver1000",2020-06-17,2020-08-31
"Lithuania","OutdoorOver50",2020-06-01,2020-06-16
"Lithuania","OutdoorOver500",2020-10-30,2020-11-06
"Lithuania","PlaceOfWorship",2020-03-16,2020-04-26
"Lithuania","PlaceOfWorshipPartial",2020-04-27,2020-06-16
"Lithuania","PlaceOfWorshipPartial",2020-11-07,NA
"Lithuania","PrivateGatheringRestrictions",2020-11-07,2020-12-15
"Lithuania","PrivateGatheringRestrictionsPartial",2020-03-19,2020-06-08
"Lithuania","PrivateGatheringRestrictionsPartial",2020-10-26,2020-11-06
"Lithuania","RestaurantsCafes",2020-03-16,2020-04-22
"Lithuania","RestaurantsCafes",2020-11-07,2021-04-30
"Lithuania","RestaurantsCafesPartial",2020-04-23,2020-11-06
"Lithuania","SocialCircle",2020-12-16,2021-04-30
"Lithuania","StayHomeGen",2020-03-16,2020-06-16
"Lithuania","StayHomeGen",2020-11-07,2020-12-15
"Lithuania","StayHomeOrder",2020-12-16,2021-03-31
"Lithuania","Teleworking",2020-03-10,2020-06-15
"Lithuania","TeleworkingPartial",2020-06-16,NA
"Luxembourg","ClosDaycare",2020-03-16,2020-05-24
"Luxembourg","ClosDaycare",2020-12-28,2021-01-10
"Luxembourg","ClosHigh",2020-03-16,2020-05-24
"Luxembourg","ClosHigh",2020-12-28,2021-01-10
"Luxembourg","ClosPrim",2020-03-16,2020-05-24
"Luxembourg","ClosPrim",2020-12-28,2021-01-10
"Luxembourg","ClosPubAnyPartial",2020-03-16,NA
"Luxembourg","ClosSec",2020-03-16,2020-05-04
"Luxembourg","ClosSec",2020-12-28,2021-01-10
"Luxembourg","ClosSecPartial",2020-05-05,2020-05-26
"Luxembourg","ClosureOfPublicTransportPartial",2020-03-16,2020-06-08
"Luxembourg","EntertainmentVenues",2020-03-16,2020-05-10
"Luxembourg","EntertainmentVenues",2020-11-26,2021-01-10
"Luxembourg","EntertainmentVenuesPartial",2020-05-11,2020-11-25
"Luxembourg","GymsSportsCentres",2020-03-16,2020-05-29
"Luxembourg","GymsSportsCentres",2020-11-26,2021-01-10
"Luxembourg","IndoorOver100",2020-03-17,2020-05-10
"Luxembourg","IndoorOver100",2020-09-22,NA
"Luxembourg","IndoorOver1000",2020-03-09,2020-03-16
"Luxembourg","IndoorOver50",2020-05-11,2020-09-21
"Luxembourg","MasksMandatoryAllSpaces",2020-03-18,2020-04-19
"Luxembourg","MasksMandatoryAllSpacesPartial",2020-06-22,NA
"Luxembourg","MasksMandatoryClosedSpaces",2020-04-20,NA
"Luxembourg","MassGather50Partial",2020-05-11,2020-09-21
"Luxembourg","MassGatherAll",2020-03-09,2020-03-16
"Luxembourg","MassGatherAll",2020-09-22,NA
"Luxembourg","MassGatherAllPartial",2020-03-17,2020-09-21
"Luxembourg","NonEssentialShops",2020-03-16,2020-04-19
"Luxembourg","NonEssentialShopsPartial",2020-04-20,2020-05-11
"Luxembourg","NonEssentialShopsPartial",2020-10-28,NA
"Luxembourg","OutdoorOver100",2020-09-22,NA
"Luxembourg","OutdoorOver50",2020-07-19,2020-09-21
"Luxembourg","OutdoorOver500",2020-03-17,2020-07-18
"Luxembourg","PrivateGatheringRestrictions",2020-03-16,2020-05-11
"Luxembourg","PrivateGatheringRestrictions",2020-07-19,NA
"Luxembourg","RestaurantsCafes",2020-03-16,2020-05-29
"Luxembourg","RestaurantsCafes",2020-11-27,2021-04-06
"Luxembourg","RestaurantsCafesPartial",2020-05-30,2020-11-26
"Luxembourg","RestaurantsCafesPartial",2021-04-07,NA
"Luxembourg","StayHomeOrder",2020-03-18,2020-04-19
"Luxembourg","StayHomeOrderPartial",2020-04-20,2020-05-11
"Luxembourg","StayHomeOrderPartial",2020-10-30,NA
"Luxembourg","StayHomeRiskG",2020-03-12,NA
"Luxembourg","Teleworking",2020-03-13,NA
"Malta","BanOnAllEvents",2020-03-13,NA
"Malta","ClosDaycare",2020-03-13,2020-06-30
"Malta","ClosDaycare",2021-03-15,2021-04-11
"Malta","ClosHigh",2020-03-13,2020-06-30
"Malta","ClosHigh",2020-09-01,NA
"Malta","ClosPrim",2020-03-13,2020-06-30
"Malta","ClosPrim",2021-03-15,2021-04-11
"Malta","ClosPubAny",2020-03-18,2020-05-21
"Malta","ClosPubAnyPartial",2020-05-22,NA
"Malta","ClosSec",2020-03-13,2020-06-30
"Malta","ClosSec",2021-03-15,2021-04-15
"Malta","ClosSecPartial",2021-04-16,NA
"Malta","EntertainmentVenues",2020-03-18,2020-05-21
"Malta","EntertainmentVenues",2021-03-11,NA
"Malta","EntertainmentVenuesPartial",2020-08-17,2021-03-10
"Malta","GymsSportsCentres",2020-03-18,2020-06-02
"Malta","GymsSportsCentres",2021-03-11,NA
"Malta","GymsSportsCentresPartial",2020-06-03,2021-03-10
"Malta","MasksMandatoryAllSpaces",2020-11-18,NA
"Malta","MasksMandatoryClosedSpaces",2020-05-22,2020-10-17
"Malta","MassGather50",2020-03-13,NA
"Malta","MassGatherAll",2020-03-13,NA
"Malta","NonEssentialShops",2020-03-23,2020-05-21
"Malta","NonEssentialShops",2021-03-10,NA
"Malta","NonEssentialShopsPartial",2020-05-22,2021-03-09
"Malta","PlaceOfWorshipPartial",2020-08-20,NA
"Malta","RestaurantsCafes",2020-03-18,2020-05-21
"Malta","RestaurantsCafes",2021-03-11,NA
"Malta","RestaurantsCafesPartial",2020-05-22,2021-03-10
"Malta","StayHomeRiskG",2020-03-28,NA
"Malta","Teleworking",2020-05-08,NA
"Netherlands","AdaptationOfWorkplace",2020-03-25,NA
"Netherlands","BanOnAllEvents",2020-03-23,2020-05-31
"Netherlands","BanOnAllEvents",2020-11-04,NA
"Netherlands","BanOnAllEventsPartial",2020-10-14,2020-11-03
"Netherlands","ClosDaycare",2020-03-16,2020-05-10
"Netherlands","ClosDaycare",2020-12-16,2021-02-07
"Netherlands","ClosDaycarePartial",2020-06-08,2020-07-01
"Netherlands","ClosDaycarePartial",2021-02-08,2021-04-18
"Netherlands","ClosHigh",2020-03-12,2020-06-14
"Netherlands","ClosHigh",2020-12-16,2021-04-25
"Netherlands","ClosHighPartial",2020-06-15,2020-09-01
"Netherlands","ClosHighPartial",2021-04-26,NA
"Netherlands","ClosPrim",2020-03-16,2020-05-10
"Netherlands","ClosPrim",2020-12-16,2021-02-07
"Netherlands","ClosPrimPartial",2020-05-11,2020-06-08
"Netherlands","ClosPubAny",2020-12-15,2021-03-02
"Netherlands","ClosPubAnyPartial",2020-03-12,2020-12-14
"Netherlands","ClosPubAnyPartial",2021-03-03,NA
"Netherlands","ClosSec",2020-03-16,2020-06-01
"Netherlands","ClosSec",2020-12-16,2021-02-28
"Netherlands","ClosSecPartial",2020-06-02,2020-06-30
"Netherlands","ClosSecPartial",2021-03-01,NA
"Netherlands","ClosureOfPublicTransportPartial",2020-03-12,2020-05-31
"Netherlands","EntertainmentVenues",2020-03-12,2020-05-31
"Netherlands","EntertainmentVenues",2020-11-04,2021-05-10
"Netherlands","EntertainmentVenuesPartial",2020-06-01,2020-11-03
"Netherlands","GymsSportsCentres",2020-03-16,2020-04-28
"Netherlands","GymsSportsCentres",2020-12-15,2021-03-02
"Netherlands","GymsSportsCentresPartial",2020-04-29,2020-06-30
"Netherlands","GymsSportsCentresPartial",2020-10-14,2020-12-14
"Netherlands","GymsSportsCentresPartial",2021-03-03,NA
"Netherlands","IndoorOver100",2020-03-12,2020-03-22
"Netherlands","IndoorOver100",2020-06-01,2020-09-28
"Netherlands","IndoorOver50",2020-09-29,2020-10-13
"Netherlands","MasksMandatoryClosedSpaces",2020-12-01,NA
"Netherlands","MasksMandatoryClosedSpacesPartial",2020-06-01,2020-10-04
"Netherlands","MasksVoluntaryClosedSpacesPartial",2020-10-05,2020-11-30
"Netherlands","MassGather50",2020-03-23,2020-05-31
"Netherlands","MassGather50",2020-09-29,2020-10-13
"Netherlands","MassGather50",2020-11-04,NA
"Netherlands","MassGather50Partial",2020-10-14,2020-11-03
"Netherlands","MassGatherAll",2020-03-12,2020-06-30
"Netherlands","MassGatherAll",2020-09-29,2020-10-13
"Netherlands","MassGatherAll",2020-11-04,NA
"Netherlands","MassGatherAllPartial",2020-07-01,2020-09-28
"Netherlands","MassGatherAllPartial",2020-10-14,2020-11-03
"Netherlands","NonEssentialShops",2020-12-15,2021-03-02
"Netherlands","NonEssentialShopsPartial",2021-03-03,2021-04-27
"Netherlands","OutdoorOver100",2020-03-12,2020-03-22
"Netherlands","OutdoorOver50",2020-09-29,2020-10-13
"Netherlands","OutdoorOver500",2020-07-01,2020-09-28
"Netherlands","PlaceOfWorship",2020-03-16,2020-05-31
"Netherlands","PlaceOfWorshipPartial",2020-06-01,2020-06-30
"Netherlands","PrivateGatheringRestrictions",2020-03-23,2020-06-30
"Netherlands","PrivateGatheringRestrictions",2020-08-18,NA
"Netherlands","RestaurantsCafes",2020-03-15,2020-05-31
"Netherlands","RestaurantsCafes",2020-10-14,2021-04-27
"Netherlands","RestaurantsCafesPartial",2020-06-01,2020-06-30
"Netherlands","RestaurantsCafesPartial",2020-09-29,2020-10-13
"Netherlands","RestaurantsCafesPartial",2021-04-28,NA
"Netherlands","StayHomeGen",2020-03-18,2020-05-10
"Netherlands","StayHomeGen",2020-12-15,2021-01-22
"Netherlands","StayHomeGen",2021-04-29,NA
"Netherlands","StayHomeGenPartial",2020-05-11,2020-06-01
"Netherlands","StayHomeGenPartial",2020-11-04,2020-12-14
"Netherlands","StayHomeOrderPartial",2021-01-23,2021-04-28
"Netherlands","StayHomeRiskG",2020-03-13,2020-06-26
"Netherlands","Teleworking",2020-03-12,2020-05-31
"Netherlands","Teleworking",2020-08-18,NA
"Netherlands","TeleworkingPartial",2020-06-01,2020-08-17
"Netherlands","WorkplaceClosures",2020-03-23,2020-05-10
"Netherlands","WorkplaceClosures",2020-12-15,2021-03-02
"Netherlands","WorkplaceClosuresPartial",2021-03-03,2021-04-27
"Norway","BanOnAllEvents",2020-03-12,2020-05-06
"Norway","ClosDaycare",2020-03-12,2020-04-20
"Norway","ClosHigh",2020-03-12,2020-06-14
"Norway","ClosHigh",2021-01-04,2021-02-18
"Norway","ClosHighPartial",2020-11-09,2021-01-03
"Norway","ClosHighPartial",2021-02-19,NA
"Norway","ClosPrim",2020-03-12,2020-04-26
"Norway","ClosPubAny",2020-03-12,2020-05-31
"Norway","ClosPubAnyPartial",2020-06-01,NA
"Norway","ClosSec",2020-03-12,2020-05-11
"Norway","ClosSecPartial",2021-01-04,2021-01-17
"Norway","EntertainmentVenues",2020-03-12,2020-05-31
"Norway","EntertainmentVenues",2021-03-25,NA
"Norway","EntertainmentVenuesPartial",2020-06-01,2021-01-03
"Norway","GymsSportsCentres",2020-03-12,2020-05-14
"Norway","GymsSportsCentres",2021-01-03,2021-01-17
"Norway","GymsSportsCentres",2021-03-25,2021-04-15
"Norway","GymsSportsCentresPartial",2021-01-18,2021-03-24
"Norway","GymsSportsCentresPartial",2021-04-16,NA
"Norway","IndoorOver100",2021-02-19,2021-03-24
"Norway","IndoorOver50",2020-05-07,2020-06-14
"Norway","IndoorOver50",2021-03-25,NA
"Norway","IndoorOver500",2020-06-15,2021-02-18
"Norway","MasksVoluntaryAllSpacesPartial",2020-08-14,NA
"Norway","MassGather50",2020-03-12,2020-06-14
"Norway","MassGather50",2021-03-25,2021-04-15
"Norway","MassGather50Partial",2021-04-16,NA
"Norway","MassGatherAll",2020-03-12,2020-06-14
"Norway","MassGatherAll",2020-10-12,2021-04-15
"Norway","MassGatherAllPartial",2020-06-15,2020-10-11
"Norway","MassGatherAllPartial",2021-04-16,NA
"Norway","OutdoorOver100",2021-04-16,NA
"Norway","OutdoorOver50",2020-05-07,2020-06-14
"Norway","OutdoorOver50",2021-03-25,2021-04-15
"Norway","OutdoorOver500",2020-06-15,2021-03-24
"Norway","PrivateGatheringRestrictions",2020-06-02,NA
"Norway","RestaurantsCafes",2020-03-12,2020-05-31
"Norway","RestaurantsCafesPartial",2020-06-01,NA
"Norway","StayHomeGen",2020-11-09,2021-01-03
"Norway","StayHomeRiskG",2020-03-12,2020-06-01
"Norway","Teleworking",2020-03-10,NA
"Poland","AdaptationOfWorkplace",2020-04-02,NA
"Poland","BanOnAllEvents",2020-11-07,2021-05-07
"Poland","BanOnAllEventsPartial",2020-07-17,2020-08-06
"Poland","ClosDaycare",2020-03-12,2020-05-06
"Poland","ClosDaycarePartial",2021-03-27,2021-04-18
"Poland","ClosHigh",2020-03-12,2020-05-24
"Poland","ClosHighPartial",2020-05-25,2020-08-31
"Poland","ClosHighPartial",2020-10-01,NA
"Poland","ClosPrim",2020-03-12,2020-05-24
"Poland","ClosPrim",2020-11-10,2021-01-17
"Poland","ClosPrim",2021-03-20,2021-04-25
"Poland","ClosPrimPartial",2020-05-25,2020-06-30
"Poland","ClosPrimPartial",2020-10-24,2020-11-09
"Poland","ClosPrimPartial",2021-01-18,2021-02-25
"Poland","ClosPrimPartial",2021-04-26,NA
"Poland","ClosPubAny",2020-03-14,2020-03-14
"Poland","ClosPubAnyPartial",2020-03-15,NA
"Poland","ClosSec",2020-03-12,2020-05-24
"Poland","ClosSec",2020-10-24,NA
"Poland","ClosSecPartial",2020-05-25,2020-06-30
"Poland","ClosSecPartial",2020-09-01,2020-10-23
"Poland","ClosureOfPublicTransportPartial",2020-03-15,NA
"Poland","EntertainmentVenues",2020-03-14,2020-06-06
"Poland","EntertainmentVenues",2020-10-24,2021-01-31
"Poland","EntertainmentVenues",2021-03-20,2021-05-03
"Poland","EntertainmentVenuesPartial",2020-06-07,2020-10-16
"Poland","EntertainmentVenuesPartial",2021-02-01,2021-03-19
"Poland","EntertainmentVenuesPartial",2021-05-04,NA
"Poland","GymsSportsCentres",2020-03-14,2020-06-04
"Poland","GymsSportsCentres",2020-10-17,2021-02-14
"Poland","GymsSportsCentres",2021-03-20,2021-04-15
"Poland","GymsSportsCentresPartial",2020-06-05,2020-08-06
"Poland","GymsSportsCentresPartial",2021-04-16,NA
"Poland","HotelsOtherAccommodation",2020-03-14,2020-05-04
"Poland","HotelsOtherAccommodationPartial",2020-10-24,NA
"Poland","IndoorOver100",2020-08-07,2020-10-22
"Poland","IndoorOver50",2020-03-14,2020-05-03
"Poland","IndoorOver50",2020-10-23,2020-11-06
"Poland","IndoorOver50",2021-05-08,NA
"Poland","IndoorOver500",2020-03-10,2020-03-13
"Poland","MasksMandatoryAllSpaces",2020-04-16,2020-05-29
"Poland","MasksMandatoryAllSpaces",2020-10-10,NA
"Poland","MasksMandatoryClosedSpacesPartial",2020-05-30,2020-09-18
"Poland","MassGather50",2020-03-14,2020-05-29
"Poland","MassGather50",2020-10-23,2021-05-07
"Poland","MassGather50Partial",2020-07-17,2020-08-06
"Poland","MassGather50Partial",2021-05-08,NA
"Poland","MassGatherAll",2020-03-10,2020-06-18
"Poland","MassGatherAll",2020-10-17,2021-05-07
"Poland","MassGatherAllPartial",2020-06-19,2020-10-16
"Poland","MassGatherAllPartial",2021-05-08,NA
"Poland","NonEssentialShops",2020-03-14,2020-05-17
"Poland","NonEssentialShops",2020-11-07,2021-01-31
"Poland","NonEssentialShops",2021-03-20,2021-04-25
"Poland","NonEssentialShopsPartial",2021-02-01,2021-03-19
"Poland","NonEssentialShopsPartial",2021-05-04,NA
"Poland","OutdoorOver100",2020-05-30,2020-07-16
"Poland","OutdoorOver50",2020-03-14,2020-05-29
"Poland","OutdoorOver50",2021-05-08,NA
"Poland","OutdoorOver500",2020-08-07,2020-10-10
"Poland","PlaceOfWorshipPartial",2020-04-19,2020-05-30
"Poland","PlaceOfWorshipPartial",2020-08-09,NA
"Poland","PrivateGatheringRestrictions",2020-04-02,2020-05-29
"Poland","PrivateGatheringRestrictions",2020-10-17,2021-05-07
"Poland","PrivateGatheringRestrictionsPartial",2021-05-08,NA
"Poland","RestaurantsCafes",2020-03-14,2020-05-17
"Poland","RestaurantsCafes",2020-10-24,NA
"Poland","RestaurantsCafesPartial",2020-05-18,2020-05-29
"Poland","StayHomeGen",2020-04-19,2020-05-04
"Poland","StayHomeOrder",2020-03-24,2020-04-18
"Poland","StayHomeRiskG",2020-03-08,NA
"Poland","Teleworking",2020-03-08,NA
"Portugal","BanOnAllEvents",2020-05-04,2021-04-15
"Portugal","BanOnAllEventsPartial",2021-04-16,NA
"Portugal","ClosDaycare",2020-03-16,2020-05-17
"Portugal","ClosDaycare",2021-01-22,2021-03-14
"Portugal","ClosDaycarePartial",2020-05-18,2020-05-31
"Portugal","ClosHigh",2020-03-16,2020-05-17
"Portugal","ClosHigh",2021-01-22,2021-04-15
"Portugal","ClosHighPartial",2020-05-18,2020-09-07
"Portugal","ClosPrim",2020-03-16,2020-09-14
"Portugal","ClosPrim",2021-01-22,2021-03-14
"Portugal","ClosPubAny",2020-03-13,2020-03-17
"Portugal","ClosPubAnyPartial",2020-03-18,NA
"Portugal","ClosSec",2020-03-16,2020-05-17
"Portugal","ClosSec",2021-01-22,2021-03-31
"Portugal","ClosSecPartial",2020-05-18,2020-09-14
"Portugal","ClosSecPartial",2021-04-01,2021-04-15
"Portugal","ClosureOfPublicTransportPartial",2020-03-18,NA
"Portugal","EntertainmentVenues",2020-03-13,2020-05-17
"Portugal","EntertainmentVenues",2021-01-15,2021-04-15
"Portugal","EntertainmentVenuesPartial",2020-05-18,2020-06-01
"Portugal","EntertainmentVenuesPartial",2020-11-24,2021-01-14
"Portugal","EntertainmentVenuesPartial",2021-04-16,NA
"Portugal","GymsSportsCentres",2020-03-15,2020-05-03
"Portugal","GymsSportsCentres",2021-01-15,2021-03-31
"Portugal","GymsSportsCentresPartial",2020-05-04,2020-11-21
"Portugal","GymsSportsCentresPartial",2021-04-01,2021-04-30
"Portugal","IndoorOver100",2020-03-15,2020-05-03
"Portugal","MasksMandatoryAllSpaces",2020-10-28,NA
"Portugal","MasksMandatoryClosedSpaces",2020-05-04,2020-10-27
"Portugal","MasksVoluntaryAllSpaces",2020-10-15,2020-10-27
"Portugal","MassGather50",2020-05-04,2021-04-15
"Portugal","MassGather50Partial",2021-04-16,NA
"Portugal","MassGatherAll",2020-03-15,2021-04-15
"Portugal","MassGatherAllPartial",2021-04-16,NA
"Portugal","NonEssentialShops",2020-03-15,2020-05-03
"Portugal","NonEssentialShops",2021-01-15,2021-03-31
"Portugal","NonEssentialShopsPartial",2020-05-04,2020-11-23
"Portugal","NonEssentialShopsPartial",2021-04-01,NA
"Portugal","OutdoorOver100",2020-03-15,2020-05-03
"Portugal","PlaceOfWorship",2020-03-13,2020-05-30
"Portugal","PrivateGatheringRestrictions",2020-05-03,NA
"Portugal","RegionalStayHomeOrder",2020-04-02,2020-05-03
"Portugal","RestaurantsCafes",2020-03-15,2020-05-31
"Portugal","RestaurantsCafes",2020-11-15,2021-03-31
"Portugal","RestaurantsCafesPartial",2021-04-01,NA
"Portugal","StayHomeGen",2020-03-19,2020-05-02
"Portugal","StayHomeOrder",2021-01-15,NA
"Portugal","StayHomeRiskG",2020-03-18,2020-05-02
"Portugal","Teleworking",2020-03-16,2020-05-31
"Portugal","Teleworking",2021-01-15,2021-04-30
"Portugal","TeleworkingPartial",2020-06-01,2020-10-22
"Portugal","TeleworkingPartial",2021-05-01,NA
"Romania","AdaptationOfWorkplace",2020-03-16,NA
"Romania","ClosDaycare",2020-03-16,2020-06-14
"Romania","ClosDaycarePartial",2020-06-15,2020-09-14
"Romania","ClosHigh",2020-03-16,2020-06-14
"Romania","ClosHighPartial",2020-08-31,NA
"Romania","ClosPrim",2020-03-16,2020-06-14
"Romania","ClosPrim",2020-11-09,2020-12-23
"Romania","ClosPrim",2021-01-11,2021-02-07
"Romania","ClosPrimPartial",2020-06-15,2020-09-14
"Romania","ClosPubAny",2020-03-18,2020-05-13
"Romania","ClosPubAnyPartial",2020-05-14,NA
"Romania","ClosSec",2020-03-16,2020-06-01
"Romania","ClosSec",2020-11-09,2020-12-23
"Romania","ClosSec",2021-01-11,2021-02-07
"Romania","ClosSecPartial",2020-06-02,2020-09-14
"Romania","ClosSecPartial",2021-02-08,NA
"Romania","EntertainmentVenues",2020-03-18,2020-05-13
"Romania","EntertainmentVenuesPartial",2020-05-14,NA
"Romania","GymsSportsCentres",2020-03-18,2020-05-30
"Romania","GymsSportsCentresPartial",2020-05-31,2020-06-14
"Romania","GymsSportsCentresPartial",2021-03-25,NA
"Romania","HotelsOtherAccommodation",2020-03-18,2020-05-15
"Romania","HotelsOtherAccommodationPartial",2020-11-14,NA
"Romania","IndoorOver50",2020-09-01,NA
"Romania","MasksMandatoryAllSpaces",2020-08-01,NA
"Romania","MasksMandatoryClosedSpaces",2020-05-15,2020-07-31
"Romania","MassGather50",2020-09-01,NA
"Romania","MassGatherAll",2020-03-18,2020-10-18
"Romania","MassGatherAllPartial",2020-10-19,NA
"Romania","NonEssentialShops",2020-03-22,2020-05-13
"Romania","NonEssentialShopsPartial",2020-05-14,2020-06-14
"Romania","NonEssentialShopsPartial",2020-11-05,NA
"Romania","OutdoorOver100",2020-09-01,NA
"Romania","OutdoorOver500",2020-03-18,2020-08-31
"Romania","PlaceOfWorship",2020-03-18,2020-05-14
"Romania","PlaceOfWorshipPartial",2020-05-15,NA
"Romania","PrivateGatheringRestrictions",2020-03-22,NA
"Romania","RestaurantsCafes",2020-03-18,2020-05-31
"Romania","RestaurantsCafesPartial",2020-06-01,NA
"Romania","StayHomeOrderPartial",2020-03-22,2020-05-13
"Romania","StayHomeOrderPartial",2020-11-14,NA
"Romania","StayHomeRiskG",2020-03-25,2020-05-14
"Romania","Teleworking",2020-03-16,NA
"Slovakia","BanOnAllEvents",2020-03-10,2020-06-03
"Slovakia","BanOnAllEventsPartial",2020-11-02,2020-11-14
"Slovakia","BanOnAllEventsPartial",2020-12-30,2021-04-28
"Slovakia","ClosDaycare",2020-03-16,2020-05-31
"Slovakia","ClosDaycarePartial",2020-06-01,2020-06-30
"Slovakia","ClosHigh",2020-03-16,2020-06-09
"Slovakia","ClosHighPartial",2020-06-10,NA
"Slovakia","ClosPrim",2020-03-30,2020-05-31
"Slovakia","ClosPrimPartial",2020-06-01,2020-06-30
"Slovakia","ClosPrimPartial",2020-10-12,2021-04-11
"Slovakia","ClosPubAnyPartial",2020-03-12,2020-05-20
"Slovakia","ClosPubAnyPartial",2020-10-01,NA
"Slovakia","ClosSec",2020-03-16,2020-05-31
"Slovakia","ClosSec",2020-10-12,2020-11-15
"Slovakia","ClosSecPartial",2020-06-01,2020-06-30
"Slovakia","ClosSecPartial",2020-11-16,NA
"Slovakia","EntertainmentVenues",2020-03-16,2020-05-20
"Slovakia","EntertainmentVenues",2020-10-15,2020-11-15
"Slovakia","EntertainmentVenues",2020-12-19,2021-04-26
"Slovakia","EntertainmentVenuesPartial",2020-11-16,2020-12-18
"Slovakia","EntertainmentVenuesPartial",2021-04-27,NA
"Slovakia","GymsSportsCentres",2020-03-16,2020-05-20
"Slovakia","GymsSportsCentres",2020-10-15,2020-11-15
"Slovakia","GymsSportsCentres",2020-12-19,2021-04-25
"Slovakia","GymsSportsCentresPartial",2020-11-16,2020-12-18
"Slovakia","GymsSportsCentresPartial",2021-04-26,NA
"Slovakia","HotelsOtherAccommodation",2021-01-01,2021-01-10
"Slovakia","HotelsOtherAccommodationPartial",2020-03-12,2020-05-20
"Slovakia","HotelsOtherAccommodationPartial",2020-12-14,2020-12-31
"Slovakia","HotelsOtherAccommodationPartial",2021-01-11,NA
"Slovakia","IndoorOver100",2020-06-04,2020-06-14
"Slovakia","IndoorOver1000",2020-06-15,2020-08-31
"Slovakia","IndoorOver500",2020-09-01,2020-09-30
"Slovakia","MasksMandatoryAllSpaces",2020-03-25,2020-06-09
"Slovakia","MasksMandatoryAllSpaces",2020-10-01,2021-04-18
"Slovakia","MasksMandatoryClosedSpaces",2020-06-10,2020-09-30
"Slovakia","MasksMandatoryClosedSpaces",2021-04-19,NA
"Slovakia","MassGather50",2020-03-10,2020-06-03
"Slovakia","MassGather50Partial",2020-11-02,2020-11-14
"Slovakia","MassGather50Partial",2020-12-30,2021-04-28
"Slovakia","MassGatherAll",2020-03-10,2020-09-30
"Slovakia","MassGatherAllPartial",2020-11-02,2020-11-14
"Slovakia","MassGatherAllPartial",2020-12-30,2021-04-28
"Slovakia","NonEssentialShops",2020-03-16,2020-04-21
"Slovakia","NonEssentialShopsPartial",2020-04-22,2020-05-20
"Slovakia","NonEssentialShopsPartial",2020-10-01,NA
"Slovakia","OutdoorOver100",2020-06-04,2020-06-14
"Slovakia","OutdoorOver1000",2020-06-15,2020-09-30
"Slovakia","PlaceOfWorshipPartial",2021-01-01,NA
"Slovakia","PrivateGatheringRestrictionsPartial",2020-10-01,NA
"Slovakia","RestaurantsCafes",2021-01-01,2021-04-25
"Slovakia","RestaurantsCafesPartial",2020-03-12,2020-05-20
"Slovakia","RestaurantsCafesPartial",2020-10-01,2020-12-31
"Slovakia","RestaurantsCafesPartial",2021-04-26,NA
"Slovakia","StayHomeOrder",2020-12-30,2021-02-28
"Slovakia","StayHomeOrderPartial",2020-11-02,2020-11-14
"Slovakia","StayHomeOrderPartial",2021-03-01,2021-04-28
"Slovakia","Teleworking",2020-11-02,2021-04-18
"Slovakia","TeleworkingPartial",2021-04-19,NA
"Slovenia","BanOnAllEvents",2020-10-17,2021-04-18
"Slovenia","ClosDaycare",2020-03-12,2020-05-17
"Slovenia","ClosDaycare",2020-10-24,2021-01-25
"Slovenia","ClosDaycare",2021-04-01,2021-04-11
"Slovenia","ClosHigh",2020-03-12,2020-05-17
"Slovenia","ClosHigh",2020-10-24,2021-01-25
"Slovenia","ClosHigh",2021-04-01,2021-04-24
"Slovenia","ClosPrim",2020-03-12,2020-06-03
"Slovenia","ClosPrim",2020-10-24,2021-01-25
"Slovenia","ClosPrim",2021-04-01,2021-04-11
"Slovenia","ClosPrimPartial",2021-02-02,2021-02-14
"Slovenia","ClosPubAny",2020-03-14,2020-04-28
"Slovenia","ClosPubAny",2020-09-21,2020-12-14
"Slovenia","ClosPubAnyPartial",2020-04-29,2020-09-20
"Slovenia","ClosPubAnyPartial",2020-12-15,NA
"Slovenia","ClosSec",2020-03-12,2020-05-17
"Slovenia","ClosSec",2020-10-19,2021-02-14
"Slovenia","ClosSec",2021-04-01,2021-04-11
"Slovenia","ClosSecPartial",2020-05-18,2020-06-24
"Slovenia","ClosSecPartial",2021-02-15,2021-03-07
"Slovenia","ClosureOfPublicTransport",2020-03-14,2020-04-30
"Slovenia","ClosureOfPublicTransport",2020-11-16,2020-12-15
"Slovenia","EntertainmentVenues",2020-03-15,2020-04-28
"Slovenia","EntertainmentVenues",2020-09-21,2020-12-18
"Slovenia","EntertainmentVenues",2021-01-09,2021-03-19
"Slovenia","EntertainmentVenues",2021-04-01,NA
"Slovenia","EntertainmentVenuesPartial",2020-04-29,2020-09-20
"Slovenia","EntertainmentVenuesPartial",2020-12-19,2021-01-08
"Slovenia","EntertainmentVenuesPartial",2021-03-20,2021-03-31
"Slovenia","GymsSportsCentres",2020-03-15,2020-05-17
"Slovenia","GymsSportsCentresPartial",2020-05-18,2020-06-01
"Slovenia","IndoorOver100",2020-03-10,2020-05-31
"Slovenia","IndoorOver50",2020-06-15,2020-07-08
"Slovenia","IndoorOver500",2020-03-07,2020-03-09
"Slovenia","MasksMandatoryAllSpaces",2020-03-30,2020-06-01
"Slovenia","MasksMandatoryAllSpacesPartial",2020-09-19,NA
"Slovenia","MasksMandatoryClosedSpaces",2020-06-25,NA
"Slovenia","MassGather50",2020-05-18,2020-05-31
"Slovenia","MassGather50",2020-06-15,2020-07-08
"Slovenia","MassGather50",2020-10-17,2021-04-18
"Slovenia","MassGatherAll",2020-03-07,2020-07-08
"Slovenia","MassGatherAll",2020-10-17,2021-04-18
"Slovenia","NonEssentialShops",2020-03-15,2020-04-20
"Slovenia","NonEssentialShops",2020-10-24,2020-12-14
"Slovenia","NonEssentialShopsPartial",2020-12-15,NA
"Slovenia","OutdoorOver50",2020-05-18,2020-05-31
"Slovenia","OutdoorOver500",2020-03-10,2020-03-18
"Slovenia","OutdoorOver500",2020-06-01,2020-06-14
"Slovenia","PlaceOfWorship",2021-04-01,NA
"Slovenia","PrivateGatheringRestrictions",2020-03-19,2020-05-17
"Slovenia","PrivateGatheringRestrictions",2020-10-20,NA
"Slovenia","RestaurantsCafes",2020-03-15,2020-05-03
"Slovenia","RestaurantsCafes",2021-05-10,NA
"Slovenia","RestaurantsCafesPartial",2020-05-04,2020-05-18
"Slovenia","RestaurantsCafesPartial",2021-04-24,2021-05-09
"Slovenia","StayHomeOrder",2020-03-19,2020-05-04
"Slovenia","StayHomeOrderPartial",2020-10-20,NA
"Slovenia","Teleworking",2020-03-04,NA
"Slovenia","WorkplaceClosures",2020-03-15,2020-05-04
"Spain","AdaptationOfWorkplace",2020-04-11,NA
"Spain","BanOnAllEvents",2020-03-14,2020-06-01
"Spain","BanOnAllEvents",2020-10-25,NA
"Spain","BanOnAllEventsPartial",2020-10-01,2020-10-24
"Spain","ClosDaycare",2020-03-12,2020-08-27
"Spain","ClosHigh",2020-03-12,2020-08-27
"Spain","ClosHighPartial",2020-09-15,NA
"Spain","ClosPrim",2020-03-12,2020-08-27
"Spain","ClosPubAny",2020-03-14,2020-05-03
"Spain","ClosPubAny",2020-10-01,2020-10-24
"Spain","ClosPubAnyPartial",2020-05-04,2020-09-30
"Spain","ClosPubAnyPartial",2020-10-25,NA
"Spain","ClosSec",2020-03-12,2020-08-27
"Spain","EntertainmentVenues",2020-03-14,2020-05-10
"Spain","EntertainmentVenues",2020-08-14,NA
"Spain","EntertainmentVenuesPartial",2020-05-11,2020-06-20
"Spain","GymsSportsCentres",2020-03-14,2020-06-20
"Spain","HotelsOtherAccommodation",2020-03-14,2020-05-31
"Spain","HotelsOtherAccommodationPartial",2020-06-01,2020-06-20
"Spain","IndoorOver100",2020-06-02,2020-06-21
"Spain","MasksMandatoryAllSpaces",2021-03-30,NA
"Spain","MasksMandatoryAllSpacesPartial",2020-05-21,2020-08-03
"Spain","MasksMandatoryClosedSpaces",2020-05-04,2020-05-21
"Spain","MasksMandatoryClosedSpaces",2020-08-04,2021-03-29
"Spain","MasksVoluntaryClosedSpaces",2020-03-13,2020-05-03
"Spain","MassGather50",2020-03-14,2020-06-01
"Spain","MassGather50",2020-10-25,NA
"Spain","MassGather50Partial",2020-10-01,2020-10-24
"Spain","MassGatherAll",2020-03-14,2020-06-21
"Spain","MassGatherAll",2020-10-25,NA
"Spain","MassGatherAllPartial",2020-10-01,2020-10-24
"Spain","OutdoorOver1000",2020-06-02,2020-06-21
"Spain","PlaceOfWorshipPartial",2020-10-25,NA
"Spain","PrivateGatheringRestrictions",2020-12-24,2021-01-01
"Spain","PrivateGatheringRestrictions",2021-03-26,2021-04-09
"Spain","RegionalStayHomeOrderPartial",2020-10-25,NA
"Spain","RestaurantsCafes",2020-03-14,2020-05-03
"Spain","RestaurantsCafesPartial",2020-05-04,2020-09-30
"Spain","SocialCirclePartial",2020-08-27,NA
"Spain","StayHomeGen",2020-03-09,2020-03-13
"Spain","StayHomeOrder",2020-03-14,2020-05-03
"Spain","StayHomeOrderPartial",2020-05-04,2020-05-11
"Spain","StayHomeOrderPartial",2021-03-26,2021-04-09
"Spain","StayHomeRiskG",2020-03-12,NA
"Spain","Teleworking",2020-03-09,2020-04-12
"Spain","TeleworkingPartial",2020-04-13,NA
"Sweden","AdaptationOfWorkplace",2020-07-08,NA
"Sweden","AdaptationOfWorkplacePartial",2020-03-25,2020-07-07
"Sweden","BanOnAllEvents",2020-03-29,2020-06-13
"Sweden","BanOnAllEventsPartial",2020-06-14,2021-03-05
"Sweden","ClosHigh",2020-03-18,2020-06-15
"Sweden","ClosPubAnyPartial",2020-07-01,NA
"Sweden","ClosSec",2020-03-18,2020-06-15
"Sweden","ClosSec",2020-12-07,2021-04-01
"Sweden","ClosSecPartial",2020-11-23,2020-12-06
"Sweden","EntertainmentVenuesPartial",2021-03-25,NA
"Sweden","GymsSportsCentresPartial",2021-03-06,NA
"Sweden","IndoorOver500",2020-03-12,2020-03-28
"Sweden","IndoorOver500",2021-03-06,NA
"Sweden","MasksVoluntaryClosedSpacesPartial",2021-01-07,NA
"Sweden","MassGather50",2020-03-29,2020-06-13
"Sweden","MassGather50Partial",2020-06-14,2021-03-05
"Sweden","MassGatherAll",2020-03-12,2020-06-13
"Sweden","MassGatherAll",2021-03-06,NA
"Sweden","MassGatherAllPartial",2020-06-14,2021-03-05
"Sweden","NonEssentialShopsPartial",2021-03-09,NA
"Sweden","OutdoorOver500",2021-03-06,NA
"Sweden","PrivateGatheringRestrictions",2020-11-30,NA
"Sweden","RestaurantsCafesPartial",2020-07-01,NA
"Sweden","StayHomeRiskG",2020-04-01,2020-10-22
"Sweden","Teleworking",2020-03-16,NA
"Switzerland","AdaptationOfWorkplace",2021-01-18,NA
"Switzerland","BanOnAllEvents",2020-03-20,2020-06-05
"Switzerland","BanOnAllEvents",2021-01-18,2021-04-18
"Switzerland","ClosHigh",2020-03-16,2020-05-11
"Switzerland","ClosHigh",2020-11-02,NA
"Switzerland","ClosPrim",2020-03-16,2020-05-11
"Switzerland","ClosPubAny",2020-03-16,2020-05-10
"Switzerland","ClosPubAny",2021-01-18,2021-02-28
"Switzerland","ClosPubAnyPartial",2020-05-11,2020-06-06
"Switzerland","ClosPubAnyPartial",2020-10-29,2021-01-17
"Switzerland","ClosPubAnyPartial",2021-03-01,NA
"Switzerland","ClosSec",2020-03-16,2020-05-11
"Switzerland","EntertainmentVenues",2020-12-22,2021-02-28
"Switzerland","EntertainmentVenuesPartial",2020-10-29,2020-12-21
"Switzerland","EntertainmentVenuesPartial",2021-03-01,NA
"Switzerland","GymsSportsCentres",2020-03-16,2020-05-10
"Switzerland","GymsSportsCentres",2020-12-22,NA
"Switzerland","GymsSportsCentresPartial",2020-05-11,2020-06-06
"Switzerland","IndoorOver100",2020-03-13,2020-03-19
"Switzerland","IndoorOver100",2020-06-06,2020-06-22
"Switzerland","IndoorOver1000",2020-03-02,2020-03-12
"Switzerland","IndoorOver1000",2020-06-23,2020-10-01
"Switzerland","IndoorOver50",2020-10-29,2021-01-17
"Switzerland","IndoorOver50",2021-04-19,NA
"Switzerland","MasksMandatoryAllSpaces",2020-07-06,NA
"Switzerland","MasksVoluntaryClosedSpaces",2020-03-16,2020-07-05
"Switzerland","MassGather50",2020-03-20,2020-06-05
"Switzerland","MassGather50",2020-10-29,NA
"Switzerland","MassGatherAll",2020-02-28,2020-10-01
"Switzerland","MassGatherAll",2020-10-29,NA
"Switzerland","NonEssentialShops",2020-03-20,2020-05-11
"Switzerland","NonEssentialShops",2021-01-18,2021-03-01
"Switzerland","NonEssentialShopsPartial",2020-12-11,2021-01-17
"Switzerland","OutdoorOver100",2020-03-13,2020-03-19
"Switzerland","OutdoorOver100",2020-06-06,2020-06-22
"Switzerland","OutdoorOver100",2021-04-19,NA
"Switzerland","OutdoorOver1000",2020-02-28,2020-03-12
"Switzerland","OutdoorOver1000",2020-07-07,2020-10-01
"Switzerland","OutdoorOver500",2020-06-23,2020-07-06
"Switzerland","PrivateGatheringRestrictions",2020-03-20,2020-06-05
"Switzerland","PrivateGatheringRestrictions",2020-10-19,NA
"Switzerland","RestaurantsCafes",2020-03-16,2020-06-06
"Switzerland","RestaurantsCafes",2020-12-22,2021-04-18
"Switzerland","RestaurantsCafesPartial",2020-10-29,2020-12-21
"Switzerland","RestaurantsCafesPartial",2021-04-19,NA
"Switzerland","StayHomeGen",2020-12-22,2021-01-22
"Switzerland","StayHomeRiskG",2020-03-16,NA
"Switzerland","Teleworking",2020-03-16,2021-01-17
"Switzerland","TeleworkingPartial",2021-01-18,NA
"United Kingdom","BanOnAllEvents",2020-09-14,2020-12-01
"United Kingdom","ClosDaycare",2020-03-23,2020-05-31
"United Kingdom","ClosDaycarePartial",2020-06-01,2020-09-01
"United Kingdom","ClosPrim",2020-03-23,2020-05-31
"United Kingdom","ClosPrimPartial",2020-06-01,2020-09-01
"United Kingdom","ClosPubAny",2020-03-16,2020-05-09
"United Kingdom","ClosPubAnyPartial",2020-05-10,2020-08-07
"United Kingdom","ClosPubAnyPartial",2020-09-24,2020-12-01
"United Kingdom","ClosSec",2020-03-23,2020-06-14
"United Kingdom","ClosSecPartial",2020-06-15,2020-09-01
"United Kingdom","EntertainmentVenues",2020-03-16,2020-07-02
"United Kingdom","EntertainmentVenues",2020-11-05,2020-12-01
"United Kingdom","EntertainmentVenuesPartial",2020-07-03,2020-08-07
"United Kingdom","GymsSportsCentres",2020-03-20,2020-05-12
"United Kingdom","GymsSportsCentres",2020-11-05,2020-12-01
"United Kingdom","GymsSportsCentresPartial",2020-05-13,2020-07-09
"United Kingdom","HotelsOtherAccommodation",2020-03-24,2020-07-02
"United Kingdom","HotelsOtherAccommodationPartial",2020-11-05,2020-12-01
"United Kingdom","IndoorOver50",2020-07-04,2020-09-13
"United Kingdom","MasksMandatoryClosedSpaces",2020-07-27,NA
"United Kingdom","MasksVoluntaryClosedSpaces",2020-06-09,2020-07-26
"United Kingdom","MassGather50",2020-05-28,2020-12-01
"United Kingdom","MassGatherAll",2020-05-28,2020-12-01
"United Kingdom","NonEssentialShops",2020-03-23,2020-05-09
"United Kingdom","NonEssentialShops",2020-11-05,2020-12-01
"United Kingdom","NonEssentialShopsPartial",2020-05-10,2020-06-12
"United Kingdom","OutdoorOver50",2020-05-28,2020-09-13
"United Kingdom","PlaceOfWorship",2020-03-24,2020-05-18
"United Kingdom","PrivateGatheringRestrictions",2020-03-24,2020-07-03
"United Kingdom","PrivateGatheringRestrictions",2020-09-09,2020-12-01
"United Kingdom","RegionalStayHomeOrder",2020-10-23,2020-11-08
"United Kingdom","RegionalStayHomeOrder",2020-12-20,2021-04-11
"United Kingdom","RestaurantsCafes",2020-03-16,2020-07-02
"United Kingdom","RestaurantsCafes",2020-11-05,2020-12-01
"United Kingdom","RestaurantsCafesPartial",2020-09-24,2020-11-04
"United Kingdom","SocialCircle",2020-09-09,2020-12-01
"United Kingdom","StayHomeGen",2020-03-16,2020-03-23
"United Kingdom","StayHomeOrder",2020-03-24,2020-05-09
"United Kingdom","StayHomeOrder",2020-11-05,2020-12-01
"United Kingdom","StayHomeOrderPartial",2020-05-10,2020-07-04
"United Kingdom","StayHomeRiskG",2020-03-16,2020-07-05
"United Kingdom","StayHomeRiskG",2020-11-05,2020-12-01
"United Kingdom","StayHomeRiskGPartial",2020-07-06,2020-08-01
"United Kingdom","Teleworking",2020-03-16,2020-05-09
